reaction_id,dG0_prime (J/mol),uncertainty
CYTDK2,-10361.464509039251,3074.733177145854
XPPT,-25135.20554467277,2435.9190788217047
HXPRT,-28905.86423889418,1577.404446378616
NDPK5,1912.6666282789984,2405.1831110713165
SHK3Dr,-9447.363560286249,1311.1724613608303
NDPK6,-1481.3144527767577,1276.8398971776633
NDPK8,2371.823688563609,1468.6952272134045
DHORTS,-4421.548801023078,1692.7163689933436
OMPDC,-26033.168766709252,8614.866047211297
PYNP2r,-138.99719479366013,1311.172461341935
G5SD,-10769.58505139323,1615.14930633548
CS,-35917.15319325067,437.31945424751336
ICDHyr,5475.979454693743,3186.7766516751817
ALATA_L2,985.9008002007528,2027.3786480762305
DURIPP,2474.20722813132,2701.832921628322
ACALD,-17622.874712735436,1200.2872522442099
PTRCTA,4106.607812174502,1985.229997792646
ACS,-5402.670629251745,404.46207548854466
CYSDS,-4612.845864831044,4288.847029793007
MAN6PI,3266.3337606747973,1767.5448939226744
PPA,-17017.337270267333,190.94279246517777
APRAUR,-28364.829509272455,1682.9725772166648
TRPAS2,20531.308042790002,648.0940336937466
PPCK,10332.971110628932,3120.202105060926
ME1,12307.85891774714,3118.328567094224
DB4PS,-85330.69251910441,2059.5035666238227
ALAR,-40.976487502916825,1006.1087758890224
RBFK,-10040.818414197816,2915.3000706183907
ALATA_L,178.99550387012653,531.233643137904
XYLK,-22349.808579850105,2025.82148157776
RBK,-26818.724945816142,2041.7243107177678
GLYK,-14220.573844237208,2078.8429313804754
PPM,-13807.600508337373,1988.4349831684913
ASPTA,2844.57439331797,543.5878302628611
ACP1_FMN,-17324.380333706416,2917.7791032597142
RBFSb,-99702.34404754735,8322.515864872368
NDP3,-27000.66167529593,1235.0017676478776
CDPPH,-28673.098899105582,2947.6178737265186
NDP7,-26192.232896868005,3190.3666435651485
FBP,-8417.820085484842,1542.1791172724004
EX_pi_e,,
GLGC,-8332.788911837539,1357.6276584863506
ALATA_D2,1026.8772877035558,2257.425507280083
PYK,-27583.323358306403,423.53425159116745
SHCHD2,-42793.97222718467,100000000.0
EX_co2_e,,
A5PISO,-2448.0582768636623,1723.1051918612172
PMDPHT,-15211.815314346104,1246.7083431376375
CPPPGO,-359828.45957016275,7633.339170285425
EX_met__L_e,,
GTHOr,-15425.128495059425,783.9423605442012
ILETA,-5899.6997921520915,3518.4885757568554
DHORD5,-17189.28658707472,5020.3683269343655
EX_metsox_S__L_e,,
GLYCTO2,-90633.89847035546,6267.761201511673
VALTA,1754.3518626385435,3465.744176221798
GLYCTO3,17303.678880260122,4945.947042669928
IPPMIb,-374.9381610552973,1907.1124389380382
GLYCTO4,-5109.21319122501,6221.055984630154
ORPT,-8931.19595513832,1311.172461352464
RBFSa,-96089.10851942241,8426.235295098228
ACHBS,-21150.286562988127,4908.419565898013
PFK_3,-13913.095647534135,2850.486192202752
DHAD2,-36927.81129377856,1400.3928195745534
ACLS,-29870.720495355356,3725.8944355514363
TRPS2,-50741.79306181134,1121.9658204107466
PSCVT,-16730.68031095932,2298.2377494225616
G3PD5,-109055.56058665042,6251.800185501595
G1PP,-16835.507362681376,827.8751608394058
PFL,-19810.021191652686,1489.2371755154038
EX_acgam_e,,
ANS,-106210.7861921442,7578.759300195081
FRD2,-34352.61202541506,5261.309556556541
FRD3,-11939.71995392974,6474.606062518541
ANPRT,-60213.97370311797,3624.5086811106444
POX,-200942.11250663188,6952.833935995531
CHORM,-48669.37497276518,4638.89364098779
PTAr,8878.981560285865,606.4527563143555
CHORS,-45822.110189748295,3830.071787026784
IGPS,-75352.13754302684,6010.880862670339
ACKr,13629.637646085257,549.5866610344244
EX_cellb_e,,
EX_crn_e,,
EX_hxan_e,,
EX_ile__L_e,,
EX_chol_e,,
EX_fe3_e,,
LEUTAi,-347.6431608497137,1577.0213931779333
EX_lac__L_e,,
EX_leu__L_e,,
EX_glcn_e,,
EX_no3_e,,
EX_h_e,,
DMATT,-76616.2735728821,2794.6857771206205
EX_orn_e,,
GRTT,-77973.44159690912,2940.703250494541
EX_gln__L_e,,
UPP3S,-313953.8433992252,400035128.3250882
EX_pro__L_e,,
EX_glyc_e,,
UPPDC1,-33842.05090878288,12416.142760510722
EX_man_e,,
TMDPP,5021.225111391317,4478.506552132442
EX_ade_e,,
EX_mn2_e,,
EX_4abut_e,,
EX_ac_e,,
EX_akg_e,,
EX_ala__L_e,,
EX_arg__L_e,,
EX_asp__L_e,,
EX_pyr_e,,
EX_succ_e,,
EX_thymd_e,,
EX_rib__D_e,,
EX_tyr__L_e,,
EX_cytd_e,,
EX_dcyt_e,,
MOAT,-259551.1581196297,70714747.09651433
EX_fum_e,,
EX_sbt__D_e,,
EX_glu__L_e,,
UDCPDPS,-623787.5327752692,23525.626003956324
ECOAH6,-432.742350962144,1492.718089811723
USHD,-27018.42418486325,3362.8972785392393
EX_gua_e,,
ENO,-3810.887382031453,304.9103879957344
FBA,22393.22425731211,529.0407446286812
HCO3E,-5187.235000808783,3096.0866639009964
MGSA,-59827.217377070876,1909.9663793731916
IMPC,19588.09130978102,5443.840609935094
IMPD,19526.67346565289,3981.784994110291
PPS,412.6593729878891,497.98702947440466
ECOAH4,-432.74235096195923,1492.7180898117228
LPADSS,-23334.029007980975,1747.7548587402352
GLUTRS,-330092.962903423,100000000.0
TDSK,-9123.139995502243,1385.2905427406713
PGI,7010.247681224314,1427.37102096739
TMPPP,-28842.46343313555,2931.870753763202
EX_btn_e,,
PGK,19315.639861920205,441.27734076765756
EX_ptrc_e,,
EDA,16240.189192196922,2073.14569152208
EX_spmd_e,,
EX_thym_e,,
EX_xtsn_e,,
NTPP1,-44232.34440731629,2430.7841065511143
URIK1,-18277.2171654006,4177.0349292704395
URIK2,-15474.160122369369,4378.284063428811
NTPP2,-34545.466109901485,1870.0342613965945
PGL,-22523.26610960648,1658.8836068839196
NTPTP1,-51013.486275372845,100000000.0
NTPTP2,-51708.61226098312,100000000.0
CYTDK1,-13164.521552070597,2796.343406097597
RPE,-3388.013622025369,1153.7200194917548
DHQTi,-5290.168932016726,2073.145691576305
IPMD,18689.988669754937,986.2312729818156
AIRC3,-30536.993706001682,6027.288685399952
TALA,3477.2863872188964,1989.580459503308
PUNP1,8383.645810807366,1325.5828665107672
PUNP2,10008.658728110106,3385.4327377123377
PUNP3,11776.82464257282,2073.145691511304
ADSL2r,23278.494849734558,2931.8707537074392
TKT1,-1546.8319202464045,2369.51921092744
EX_fe2_e,,
PUNP5,8807.586728532953,1066.8932971584527
PUNP6,9227.42676241718,1692.7163689013737
PUNP7,11081.326505311637,2931.870753674469
G6PDA,4993.310632325631,2522.7598619041823
RNDR1,-42282.89561131298,3737.664644382017
ALCD2x,21111.809809500526,323.35205417488567
RNDR3,-39332.733864063965,2943.6610430849537
RNDR4,-40622.3960982076,2412.063269668287
ALDD2y,-49869.284580440304,1315.4404597164178
TMDS,-45150.96605335418,2941.5250341441065
RMI,132.84163497502277,1692.7163689053752
TMDK1,-17370.353957261046,2994.399665989719
LYSAM,-4625.7140340863425,2073.1456914217642
PPCDC,-21238.623608005924,3088.25326974617
FTHFD,-24690.244589982853,1957.6934460270202
EX_glc__D_e,,
DHAD1,-36930.32392724523,1400.3928195745534
IPPMIa,-3713.522307276705,1903.03380373259
EX_alltn_e,,
G3PD7,-23530.875307520262,6204.97483026578
EDD,-42844.80469840922,2570.087971125018
EX_ura_e,,
NADH9,-49277.22467100693,6164.448801747054
EX_val__L_e,,
NADH10,-26864.33259952173,4874.554709336024
ADK4,-1518.61771786821,1460.6755461743844
INSK,-21730.672287595495,1872.2869755238912
MDH,29558.211165424866,304.88783200454844
ABTA,6564.630295890879,1465.9353768707526
EX_xan_e,,
FUM,-3430.0285975664337,278.24312134036165
FMNAT,-11974.706584917769,3932.144717766092
PYDXNK,-7649.242003979169,2170.9188721584565
PYAM5PO,-96748.90582246297,4578.266391334071
SSALx,-36541.64257715547,2362.1435839334536
ASPT,13197.966369162486,478.847901741048
OHPBAT,10744.12745093798,1913.6546367244125
SERD_L,-30210.48501902139,925.0063613185101
EX_dgsn_e,,
NADDP,-34569.722325073715,2987.4589626684347
EX_arab__L_e,,
EX_fru_e,,
THRD,26945.21108348613,2710.104233844278
HEX4,-16846.408459018734,1422.7927760562657
EX_gal_e,,
NMNAT,-2948.8031378815976,2931.870753698757
EX_xyl__D_e,,
KARA1,18538.46840955998,1011.096647289965
HMPK1,-9244.704681972962,1240.8953619082085
KARA2,-18538.583620156147,1011.096647289965
EX_duri_e,,
EX_for_e,,
EX_gly_e,,
EX_h2_e,,
EX_lys__L_e,,
ACCOAC,-6819.476712687851,1494.8897801883954
NADK,-10051.137277741418,2931.870753668754
GLXCL,-18767.797923382033,4442.147662848586
ICHORS_copy2,968.4135952723523,1692.7163688109474
SUCBZS,-38591.30922728531,7366.19787134852
DHBD,-58731.34448055316,6891.371174898564
ICHORT,-41140.093755420465,2828.556796807528
EX_ser__L_e,,
EX_thm_e,,
EX_trp__L_e,,
GLUTRR,331356.62846818456,100000000.0
GLCS1,-953936.6872111836,5457.109930473927
GLCP,951921.6146453851,5297.650365049437
EX_din_e,,
RBK_L1,-11285.663641172903,2285.6072117218905
RBP4E,-497.26217951280205,1311.1724612514545
TARTD,-33911.5050906555,1923.044337986328
NTD2,-9087.981582503573,4172.982410113853
GLCRAL,25217.932013824495,2809.806005905065
NTD4,-14200.677195833414,2788.9367722902484
NTD5,-9994.844790642786,2985.182742101823
EX_fmn_e,,
EX_gthox_e,,
KAS14,,100000000.0
HEMEOS,-51784.22585554101,100000000.0
ADMDC,-22936.718788974587,3088.253269745707
AGMT,-58590.32020344881,6309.728808489148
NTD6,-16368.891768669137,2573.3658890324687
LGTHL,-23467.672054859464,2931.8707536945344
PYDXPP,-12907.205114755072,1988.7219434430624
PDXPP,-19715.95674392512,2174.5357604627666
ARGDC,-4891.590753892274,6149.141525687606
HACD6,-18669.705980656545,986.2312729818157
ECOAH1,3275.9179325111772,1692.7163688823314
ECOAH2,683.7760089028961,2931.8707536553675
ARGSS,1345.9467629994178,1465.9353769694328
AGPR,7693.224948010766,1615.1493063354806
SPMS,3463.083798538264,100007550.66611451
G1SAT,-8983.609154429985,667.3776072583454
KDOCT2,228863.40508409348,70715051.76964329
ECOAH3,-432.742350962144,1492.718089811723
UGLT,-885.6360030288215,1266.3618577089173
EDTXS1,896374.8709248703,100000000.0
DXPS,-32051.8048340428,3368.942588159534
OAADC,-17250.352247677783,3119.423775842383
MNNH,-34559.64739087033,3660.3735261410043
CDPMEK,-6994.754405017829,4273.828550211519
EDTXS2,1059352.120185461,100000000.0
ALTRH,-34559.64739087033,3660.3735261410043
MECDPS,1809694.8826802422,100008318.20985876
GUI1,614.8348120622131,2931.8707536557604
EDTXS3,1222329.3694432604,100000000.0
PGAMT,-2669.4830556356237,1692.7163688713547
DDGLK,-20153.612621054093,3868.224184603274
EDTXS4,977863.4955558609,100000000.0
XYLI2,-118.30346741476205,298.1669114664663
PMANM,-4518.553507781406,1497.644374354302
ICL,9519.83219263957,1351.2250301173278
UAGDP,-8467.921789308775,2931.8707536987977
UAGCVT,-14769.830529472529,3712.3289401516076
GLUR,-560.5063746176597,2147.8474808248106
EX_tmao_e,,
UAG2E,1532.2630892703728,2678.1173023596693
EX_acald_e,,
GLYCL,22186.467115346204,3614.328394156062
CMPN,-11717.84350926572,2513.907982927864
NNDPR,-28886.352389527347,4304.708149391278
HCYSMT,1074.2615950780419,100007206.26654264
EX_melib_e,,
MACPD,,100000000.0
DMQMT,-7657.278007322759,100004286.2393042
UDPG4E,2918.375668718454,832.091283832012
LACZ,-10740.95037253619,1054.0824625749879
TRE6PH,-9523.075089405324,1923.6260481858772
XYLI1,3667.800170819703,584.46067939915
PPC,-37698.1698585328,3111.9051551972193
ICHORS_copy1,968.4135952723523,1692.7163688109474
EX_sucr_e,,
ALDD4,-368748.5259523453,100000000.0
HACD4,-18669.705980657,986.2312729818158
G3PT,-13144.624903666972,2080.88581912335
CINNDO,-363519.11986523826,8659.31030966169
DHPPD,-58764.1069421702,6891.371174898563
EX_tre_e,,
EX_zn2_e,,
HACD5,-18669.705980656545,986.2312729818161
DHCIND,-58761.09121947456,6891.371174898564
HACD7,-18669.70598065609,986.2312729818158
CITL,3801.298359547289,476.6073453325778
GOFUCR,1216.554142891141,1585.9759758651837
PYDXK,-14457.99363314893,1989.2351936403304
DNMPPA,-8950.686600199057,2653.819172455489
HPPK2,-2150.1352641728317,5894.799777538074
PTPATi,-20773.200362004827,5182.527398642413
HEX7,-10772.483864013395,1455.8002998265622
DXPRIi,-15901.432980860363,1233.3343324993618
GTPCII2,-75268.31529027203,5981.54044965471
URIC,-95377.89176817458,8831.045883085231
SADT2,21969.20044429408,1785.1184626717813
OPHBDC,-10628.996072439691,3319.7686165515106
AACPS1,-4980.785685135899,100000000.0
OHPHM,-7637.77923038856,100004286.2393042
GHMT2r,-6759.4964742511365,1243.9421900241343
DHORD2,-125126.86393769013,6326.652864530623
LCARS,-26460.378973443767,1501.6140240234645
ALCD19,-39139.09536078518,2006.5619409512728
RMPA,6365.915894774758,2931.8707536469155
SBTPD,18938.943491652026,2168.898787181846
PFK_2,-18385.45876306881,1240.8953619082085
GLTPD,16128.02662261828,1196.835797867541
EX_hdcea_e,,
ACACCT,6100.959652959531,1407.4917630936488
SDPDS,7959.308192827166,3740.9245165578845
BUTCT,284438.48898345913,100000000.0
TGBPA,21831.30435796113,2299.335998767471
MANAO,16581.893415922877,1826.115609559208
TAGURr,18261.873307545953,1441.7098176564568
DMSOR1,-224182.5300464352,5712.242680023727
PGLYCP,-31609.9638900974,2062.6143710654806
2DGULRx,408682.8069943374,100000000.0
DKGLCNR2y,-24279.182858808097,1153.2833009209828
G1PTT,1168.4069257735955,2931.8707536987804
TDPGDH,-47534.53721074384,2991.78506454645
ADCS,-17891.21953240186,3055.354350782518
ADCL,-88316.88268101898,7808.980386613572
2DGULRy,412389.6247685159,100000000.0
DHAPT,-39990.36856807349,2210.5486190824167
EX_lac__D_e,,
UDPGALM,1068.022726277377,1927.6690193174147
TDPDRE,-15397.183937536625,1902.4207587542849
TDPDRR,1219.7210822506577,1585.9759758653518
UMPK,-1172.965851036281,3192.284150578905
RZ5PP,-15476.684576492404,1246.7083431376375
DDPGALA,13829.600448094667,2931.8707536843576
DURIK1,-13277.22167481204,1240.8953619082083
G3PD6,-1117.9832360348883,4925.7047444248365
ALLTN,-54742.1988840702,9555.728620226686
UAPGR,-58346.94457251157,1299.058976972537
UPPRT,-16505.825193372515,4385.381712703316
NTD9,-7887.172458050095,3372.114482748925
CTPS2,-18560.30134003504,2630.932472676166
NTD1,-14087.977073092026,1246.7083431376375
NTD7,-14794.464588337696,1409.747628727636
PAPPT3,1436.043660405005,3454.1707705201393
UAGPT3,-12558.557707159764,3494.871941312748
NDPK7,4149.299972029439,2405.183111056437
AOBUTDs,-19841.391316391084,3088.25326974617
GLYAT,34604.42534554295,2135.497392650868
ADNUC,-5970.428499618209,1747.7633115659617
GMHEPPA,-8966.825289837921,1246.7083431376375
S7PI,2227.457332508834,2291.5358184126753
TRPS3,19204.8799076868,2931.8707536531742
EX_ttdcea_e,,
F6PA,15852.890804659693,2547.9781118070523
AGMHE,,
CRNBTCT,723.066952817419,1376.133435753371
CRNCBCT,-613.3288322190822,3289.995959151963
NTD10,-11678.924931308757,2189.252354193058
CRNCDH,-432.54935444205955,1492.7180898117226
GMHEPAT,-12531.100126030125,3341.231662644681
EX_h2s_e,,
ADPT,-19321.985193139582,1336.3553921512473
EX_gthrd_e,,
IDOND,-18668.655803898444,986.2312729818153
IDOND2,-18538.100769897712,1011.096647289965
FADRx,-21410.35297778899,2983.1915929713564
GTPDPK,-8693.761358199083,6928.121735624144
NADN,-33254.64679260077,3308.8314929544927
GLYCLTDx,-44168.01147978174,854.7451901642968
ADK1,-194.5347625858176,159.79053483789113
NDPK2,205.24471245244058,1262.8586546322097
NDPK3,263.80917914195834,2337.034062034288
HPYRRy,-31099.81701204015,517.2520922232268
NDPK4,76.84885522667173,2617.19358352798
ACODA,-6843.543063083927,3497.0619114136402
ADA,-23064.956386640402,725.8524989652475
DADA,-21859.783503221875,3340.1250693383213
ADD,-22641.01546891483,1600.1779159659975
FCLT,3239.3199581008503,100000000.0
HBZOPT,-81213.01663963702,2779.8285344215524
PNTK,-9380.277296528333,4119.9105878936725
ADSS,4718.934353180941,2132.881549147152
AGDC,-7922.608903785886,3776.815628736315
OCTDPS,-389867.2079845452,14703.516252472698
ASNN,-17400.434311436526,3529.3678219467556
DPCOAK,5346.617193919883,2931.8707536688353
HETZK,-15988.318002055054,2187.7371210567276
ASNS2,-20118.0911515181,3563.8989328805696
ASPCT,-22207.85954442713,2931.870753740182
KDOPS,-70243.69340804816,2462.9195070225574
KDOPP,-8322.39302313787,1851.734764106446
DMPPS,-65430.2692288162,1831.3092459546413
EX_26dap__M_e,,
MCOATA,-31705.33865589823,100000000.0
IPDPS,-60576.0539450921,1831.3092459979775
AST,-5819.459591144891,5813.179028798566
SGDS,-2216.409812455595,3610.729781031532
CYNTAH,-45748.90295119917,6687.061122788408
DAPE,-1653.4433021091672,2931.870753584057
DHDPRy,-24017.03269467413,3939.1747712933125
EX_acnam_e,,
HSK,-37090.22666987454,4491.2883558995545
SDPTA,-973.8910181424103,2931.8707535840545
GSPMDA,-2856.8870018675484,1933.6250860806404
GSPMDS,-24508.31174603622,1943.3711243579285
GUAD,267724.6607409266,67666707.03185049
THRS,-29384.805992952977,2809.282417481383
EX_amp_e,,
HSST,-29956.800702077773,5452.876154228102
PPNDH,-67579.46075741344,11317.291926436134
TMAOR1,-218393.4300464499,5712.242679889418
TMAOR2,-195980.53797496457,6846.083686950557
DGK1,4606.617553496903,2931.870753704028
DTMPK,-1456.5032129346491,2931.8707536992943
NDPK1,-2803.0570430317994,1332.575434722372
TRDR,-11059.544302651375,1473.44610415555
DDPA,-74590.53104423589,2350.8607109196414
NMNDA,2661.524415830911,5579.830078736407
NNAM,-5510.423392524331,3251.9147415979737
P5CD,-40259.43521831982,5423.5031539202455
PGMT,-7371.343627429724,744.4380593978187
FRUK,-15525.472430625598,1302.4889469206921
SPMDAT1,-19968.65485119656,1785.1304186205425
RHCCE,-15594.908618581883,2653.679671422252
EX_dha_e,,
KG6PDC,-9808.813008231993,3055.8187661854754
SPMDAT2,-19947.755795824123,1785.1304186205427
TDPADGAT,-26315.259637997315,1785.1304186205425
MALS,-35811.33374320143,2081.7586175715014
X5PL3E,2155.132283255625,2096.205429132172
DOGULNR,-18668.78210444986,986.2312729818156
TRE6PP,-7533.2353062127595,2211.274384560221
EX_fuc__L_e,,
EX_met__D_e,,
EX_tartr__L_e,,
BETALDHx,-36534.36258753027,1089.656572957464
BETALDHy,-36664.91762153123,1106.737805880533
MLTG3,-12932.575813996891,1778.2247562859284
EX_taur_e,,
EX_maltpt_e,,
EX_glyald_e,,
EX_glcur_e,,
ADPRDP,-24990.08684106775,3333.6884631571747
DKGLCNR1,-319385.98035655037,100000000.0
NADTRHD,130.55503400096313,335.76292404529397
AACPS2,-4980.785685135899,100000000.0
FMNRx2,-27266.135532905424,2991.504034215276
ACPS1,-859995.4708578289,100000000.0
EX_nmn_e,,
EX_urea_e,,
ARAI,,
M1PD,14477.652012133603,1833.7416726834974
G3PD2,25615.794329485198,805.3510710870007
GALS3,1697.4066878190115,2765.195862593807
FCI,5458.899398181018,2931.8707536784773
FCLK,-17857.811643550518,3005.567522497233
FCLPA,19757.14078742877,2931.870753646914
GMPS2,-323978.9439743433,67666534.96640417
AMPN,-20218.419285867752,2034.726029750574
GSNK,-19478.02628985414,3372.6788003879683
ACCOAL,208025.0470195947,100000000.0
GALUi,-1639.722341872698,550.9387186955597
AACPS3,-1267232.9508786334,100000000.0
U23GAAT,1015788.594474412,100000000.0
EX_f6p_e,,
UAAGDS,-24802.349178813984,2273.6008752268554
AACPS4,-4980.785685135899,100000000.0
UAMAS,-28233.837366496344,2289.654577033676
UAMAGS,-30540.86698268293,3201.112788857362
UGLYCH,-24067.94024041551,4856.150654061616
NTPP3,-42814.1041702555,2430.7841065531834
NTPP6,-37518.52546295531,573.6243868691271
NTPP7,-36333.405867833266,2612.586644003035
OP4ENH,431.63666246510957,1492.7180898117224
EX_rmn_e,,
HOPNTAL,11719.881473115365,1745.5924013436104
NTPP8,-36745.33908695725,3853.9309257267387
P5CR,-50160.32687350509,2931.8707537888604
CYANST,-2970.4479786730217,100000000.0
EX_ttdca_e,,
DHPPDA2,275494.9561331414,67666159.7919615
3HPPPNH,-442768.30688387656,3754.0318145997794
G5SADs,-4742.340531570008,4861.23393519607
GMAND,-55407.401229371135,4002.7864669100113
PPCSCT,-209651.5788309341,100000000.0
CYTD,-15401.278485553918,1108.1429844116537
AKGDH,-28000.67603756884,3884.9742998757197
HPYRRx,-31230.37204604134,392.6345984720637
GLYCDx,23932.82072901661,1805.2425009965402
ASP1DC,-19787.41021975213,5982.127455137944
UGMDDS,-30647.925282490633,1737.8994248222377
DCYTD,-21750.23603226117,1979.155022738268
DBTS,11809.72072202502,6845.051414384449
DCTPD,-29915.116760071727,1979.155022738268
UHGADA,-6090.5719956390385,1821.8056456272511
AMANK,-11216.020113821854,3062.4640836038284
UAGAAT,1059356.5920086748,100000000.0
ATPPRT,-49426.819188985064,100000000.0
HISTD,-10118.568537708143,2241.58835589678
DHDPS,-125454.34648087823,6217.347477286911
G1PACT,-22204.92715939463,4166.83912550513
GART,-1273.863484634667,5599.634236870568
CSND,-31830.709875252778,2439.2750048804255
GF6PTA,-19241.81779226677,2660.104466369327
IGPDH,-41229.69989354618,1947.905958761387
EX_glyclt_e,,
PRPPS,2021.8790160521962,2024.275520640554
H2SO,-832449.9019390234,6929.521575544027
GLUCYS,-33027.41920718149,4916.158607503949
PRATPP,-84502.78101800723,100000000.0
GLUN,-14248.507159941311,859.8395737360663
PRMICI,-9766.984019959295,1348.2617169014293
GLUPRT,-60440.97730183955,2723.3752167123876
EX_g6p_e,,
GMPR,252815.79291979483,67665825.77880754
SERAT,-6282.000053649881,2931.8707536666584
CYSS,-51431.49393424392,5237.531617381857
NADS1,-18237.790796387955,2799.566375712045
BPNT,-8047.853107456895,3126.041656520839
EX_2ddglcn_e,,
PAPSR,-37354.84685832365,6272.417263129381
ASPK,22274.273316339644,2931.8707536726447
ASAD,-20345.05342193893,1692.7163689165566
DAPDC,-18386.087665123567,3733.838386429159
EX_mmet_e,,
NTRIR2x,-390651.12588989496,3672.0469287586893
OCBT,-29952.160996277322,2931.8707537401037
GARFT,1401.0906732868307,5691.6846581810305
GPDDA1,-254529.77065460317,70714288.79739942
GPDDA2,-246578.4530432088,70714965.69959395
PHETA1,-58.34817913620327,2073.145691421776
PPND,-10526.111731076753,11288.220524393459
METAT,-88126.80450327524,100006577.4519537
ASCBPL,-4790.436738558754,2599.276350780671
ACBIPGT,38401.76560295511,100000000.0
TRPS1,-31536.913154124763,3139.2154144305587
PRAMPC,-38.1168571851731,100000000.0
ADOCBLS,-86944.33381337921,100000000.0
EX_galct__D_e,,
ADOCBIK,-25252.707974757184,100000000.0
TMPK,-47067.34953067292,4108.014480703079
HPPPNDO,-260915.59598816576,5693.062128467247
MCITL2,5926.93877916139,3038.674617586622
DXYLK,-12144.232465939353,1240.8953619082083
MDH3,2693.878565903361,4883.2828145936655
SOTA,-678.2030863114414,1985.2299977926461
DHCINDO,-260918.97610096625,5693.062128467247
SGSAD,-41376.57363302793,1089.6565729574638
HKNDDH,-52760.281491846144,2576.2681435008994
EX_idon__L_e,,
HKNTDH,-50795.24799869049,2843.9223371567296
GLYCK2,-8325.309276736334,707.3330662457405
PTA2,20869.260045506166,3292.29774992684
MDH2,-105243.69878471202,6218.431424201953
EX_indole_e,,
ACOTA,-2962.823242559068,3371.2824470218043
GPDDA5,-263707.80701449874,70714320.73601113
PDX5PS,-220831.7306250501,5527.792849632334
PPBNGS,-102271.24764003059,4077.2351468940924
ENTCS,-7044003.1699571395,600023595.1086468
SULR,-120623.32283588967,4694.120658428451
MANPGH,-9415.168456024901,2333.5392042228837
URDGLYCD,-6245.217800866598,5435.084855312314
CBMKr,28498.83279750678,3950.045431658788
PPNCL2,-51772.347849708734,4958.43845322678
PRAGSr,-26115.425025465647,2315.893476716187
PRFGS,30948.041069672392,48211922.65820772
AMANAPEr,-2065.6945284406447,2931.8707536872744
EX_3hcinnm_e,,
ACM6PH,-3162.6158567849816,3241.2451569951695
NNATr,-24891.062220280033,4700.648945084839
CYTDH,1936.3598844794296,2606.835123960291
EX_acac_e,,
ETHAAL,-35885.01940922683,3552.9729397608116
MAN1PT2,-845.5371027446929,3232.25901959209
PSERT,-10896.722053798072,376.1635407476036
AP4AH,-38797.032480147434,8352.96243600342
EX_acmana_e,,
AP5AH,-3318.095662790711,100000000.0
ADNCYC,3349.9745666719746,989.4015187121638
AIRC2,-52479.232491992494,5984.946507791489
GAPD,4602.7114926585,405.6263392393649
MI1PP,-23114.425877892594,1413.7584273268192
EX_galur_e,,
MCITS,-37555.72519290763,3349.347626610257
PPAKr,-208820.57428231213,100000000.0
HEX1,-17901.03501265247,431.9265933579245
GND,10331.992091051576,3176.3402600412373
TAUDO,-180452.82791764318,70717124.88546577
DM_amob_c,,
NTP3,-24562.14170487312,1354.217184252667
PPM2,-26766.22543275772,3510.847061178506
MOAT2,-251949.08839591243,70714599.9316507
EX_adn_e,,
EX_ins_e,,
G6PDH2r,-3923.160145715201,1321.5711001706543
ME2,12177.303883746405,3137.103713452536
ARGSL,11475.639301630621,2931.8707537587024
CBPS,-7927.638109529539,2645.151726277524
GLU5K,28536.71708738017,2301.329657952362
IPPS,-23652.989693608106,1347.1437169997891
EX_mg2_e,,
ACOATA,-81065.61358471322,100000000.0
NADH5,-134801.90995013725,6211.579665803004
MOHMT,6278.916764953124,5049.637492463901
EX_glyc3p_e,,
MLTG2,-12932.56978196473,1778.2247562859295
EX_but_e,,
MLTG1,-13284.115232937665,4325.649926369659
AMALT3,353.28297513615325,2315.7292762991874
MLTP3,3902.932340438838,1868.6167677825026
EX_lcts_e,,
EX_ocdca_e,,
EX_cbl1_e,,
SPODM,83267.88519096836,100000000.0
AHCYSNS,-16349.083157033647,2808.5104200867904
ACNML,7642.533380875321,883.9922932014053
TMK,43173.02793698491,4455.921633722999
NTPP4,-39284.769555883984,2326.1117050545395
GMPS,-309730.4368144011,67666488.67511499
CAT,-191896.17515212367,6729.328439591555
FTHFLi,-2674.9541579208158,1935.3700008437472
EX_nac_e,,
UDPGD,-19251.589803373918,2201.167426427546
SERASr,1164624.6488558606,100003651.39414853
GLCRD,-41014.142844129296,1246.8541086779392
PPPNDO,-370033.301305486,8041.878863783024
26DAHtex,,
HCINNMtex,,
HPPPNtex,,
ACtex,,
ACALDtex,,
CHRPL,-112903.25560947311,7376.34526943192
TDPAGTA,17044.137019010122,1902.4207588503039
UACMAMO,-21872.094182686626,1322.6851711105223
FBA3,20836.22762964575,2810.0754196856765
PMPK,8206.342177235001,4468.509967491777
LCADi,-46437.56351708589,1989.1063936255796
ACMANAtex,,
ACMUMtex,,
ACACT7r,30170.18929308915,1336.114452585212
PSP_L,-10577.82815834355,276.7919181936995
ADK3,2608.5222804454133,1334.952305540698
GLUDC,-23637.512563034932,3492.39429531446
ACACT2r,30429.55434085343,1915.4925219072672
BSORy,46499.72770939769,100000000.0
DMSOR2,-201769.63797495005,6846.083687086879
ADSK,-14844.027764267992,5948.700718819181
ACACT3r,1698705.6972721838,100000000.0
ACACT4r,30170.189293089607,1336.114452585212
SUCCt2_2pp,,
SUCFUMtpp,,
HSDy,22390.116860941132,1696.4123939159679
CYSTL,538.2891566925565,2713.645648030881
ACMAMUT,-12933.214318360115,1614.6586564458
SHSL1,-61731.35270703153,5574.564822308253
SSALy,-36672.19761115689,2371.5351206464447
SUCptspp,-37095.81515751415,3086.402878414704
SULabcpp,-27365.198747904353,304.2778553577678
TSULabcpp,-27365.198747904353,304.2778553577678
TARTRt7pp,,
EX_dad_2_e,,
EX_ser__D_e,,
DDGALK,-11288.639321840265,3325.767877253595
EX_gam6p_e,,
EX_15dap_e,,
AB6PGH,19849.34428796376,4311.09248843707
EX_ocdcea_e,,
EX_cynt_e,,
EX_galctn__D_e,,
AMALT1,-1297.9993236870087,2248.555001172279
EX_glyb_e,,
AHGDx,31248.853555209505,3194.7557116917533
MLTP2,2251.6552818933633,1948.9307613134408
TAURabcpp,-27365.198747904353,304.2778553577678
THMDt2pp_copy1,,
3HCINNMH,-442762.56003289006,3754.031814599779
BSORx,42792.90993521897,100000000.0
PACCOAL,-11200.77954114656,2003.775650238893
NMNt7pp,-23675.01130859466,4994.2437616609595
EX_ca2_e,,
EX_so3_e,,
GLUtex,,
Kt2pp,,
GLYtex,,
GP4GH,-44031.21727672397,6459.29223652575
GLYALDtex,,
AKGt2rpp,,
ACGAMT,5522.893735980233,4968.765296526808
XYLt2pp,,
EX_ascb__L_e,,
GLYBtex,,
GLYCtex,,
GLYC3Ptex,,
GLYCLTtex,,
GTPtex,,
GUAtex,,
Htex,,
EX_ala_B_e,,
EX_agm_e,,
EX_minohp_e,,
EX_ppt_e,,
EX_hxa_e,,
H2tex,,
H2Otex,,
AADDGT,-17755.2025400214,2203.2520732531507
FACOAL160t2pp,-10725.0906929077,6424.261095795194
FACOAL180t2pp,-10496.946573605328,1462.5723967010233
SPODMpp,83267.88519096836,100000000.0
EX_lyx__L_e,,
EX_acmum_e,,
EX_dca_e,,
EX_all__D_e,,
NO3R1bpp,-8869.7526958278,7486.522616006437
O2tpp,,
EX_octa_e,,
PHYTSpp,-49328.40307605966,8274.834637294982
EX_gbbtn_e,,
PPTHpp,-43845.78511619818,100000000.0
PYRt2rpp,,
NO3R2pp,-116807.33004644336,6420.715112057182
EX_xylu__L_e,,
EX_gdp_e,,
EX_gtp_e,,
NTP3pp,-24562.14170487312,1354.217184252667
NO3R2bpp,-116807.33004644336,6420.715112057182
THMabcpp,-27365.198747904353,304.2778553577678
THMDt2pp_copy2,,
THRabcpp,-27365.198747904353,304.2778553577678
TREptspp,-47415.286799998285,2220.8750187235623
THD2pp,-130.55503400050839,335.76292404529397
TMAOR1pp,-218393.4300464499,5712.242679889418
TMAOR2pp,-195980.53797496457,6846.083686950557
XANtpp,,
DAPtex,,
TRPt2rpp,,
TYRt2rpp,,
EX_tma_e,,
URIt2pp_copy1,,
URIt2pp_copy2,,
VALabcpp,-27365.198747904353,304.2778553577678
12PPDStex,,
DDGLCNtex,,
XTSNt2rpp,,
XYLabcpp,-27365.198747904353,304.2778553577678
GMHEPK,-9063.227948346252,1385.2905427406718
XYLUt2pp,,
THRt4pp,,
GALURtex,,
GTPCI,-74510.86233548106,8271.887261587677
FDMO,-94463.50397433652,70717047.24245003
FEOXAMabcpp,-27365.198747904353,304.2778553577678
EX_fruur_e,,
GALtex,,
CBL1abcpp,-27365.198747904353,304.2778553577678
EX_malttr_e,,
ACACt2pp,,
ACGAptspp,-37144.26079280701,2631.238341098867
ACMANAptspp,-38799.343472128254,3101.814303871318
ACNAMt2pp,,
GALCTtex,,
GALCTNtex,,
GALTtex,,
EX_cbi_e,,
CHOLD,17664.374252078687,1214.4288052976317
TRE6PS,-16225.816121492528,1874.3315506207286
DRPA,20297.73556645111,1506.6781969716394
TKT2,-5843.7926987353985,2355.2644889353996
EX_arbtn_fe3_e,,
UDCPDP,-31500.384576854798,1299.9753345553943
EX_cpgn_e,,
EX_ch4_e,,
FEENTERabcpp,-27365.198747904353,304.2778553577678
EX_adocbl_e,,
FECRMabcpp,-27365.198747904353,304.2778553577678
TREH,-11454.003518444324,1077.2671576553616
GAMtex,,
GBBTNtex,,
ATPS4rpp,27365.198747904473,304.2778553577678
INDOLEtex,,
ARBt2rpp,,
CYTK1,1307.9001512007835,2931.870753699315
DAPabcpp,-27365.198747904353,304.2778553577678
L_LACtex,,
ACt4pp,,
ADEt2rpp,,
CO2tpp,,
DHAtpp,,
DMSOR1pp,-224182.5300464352,5712.242680023727
ARGabcpp,-27365.198747904353,304.2778553577678
ADNt2pp_copy1,,
ADNt2pp_copy2,,
ALAabcpp,-27365.198747904353,304.2778553577678
ALLabcpp,-27365.198747904353,304.2778553577678
ALLTNt2rpp,,
ARBabcpp,,
ARGAGMt7pp,,
ASCBptspp,-39769.16987130282,1304.6008407682327
CYTK2,951.7439726841985,2931.8707536993184
ASNt2rpp,,
ASPabcpp,-27365.198747904353,304.2778553577678
ASPt2pp,,
ECOAH8,-432.742350962144,1492.7180898117233
GLCDpp,-169008.08525761357,6944.407048180019
GUAtpp,,
ASPt2_2pp,,
HYD2pp,-62440.75752951801,5661.588449088674
GK1,-364.5370726088686,1196.931223129943
HYXNtpp,,
NACtpp,,
ASPt2_3pp,,
HIStex,,
FE3DCITabcpp,345651.8534915461,100000000.0
HXAtex,,
HACD1,-16889.474845329005,1196.9312231103452
HYXNtex,,
IDONtex,,
ILEtex,,
INSTtex,,
INStex,,
Ktex,,
CPGNtonex,,
GLCRtex,,
GLCNtex,,
GLCURtex,,
GLNtex,,
O2tex,,
EX_ppa_e,,
HACD2,-19774.45105302877,1465.9353768906853
OCTAtex,,
D_LACtex,,
NTD8pp,-14408.837544888975,2342.709712491176
ORNtex,,
FRULYStex,,
MALTtexi,,
ECOAH5,-432.74235096195923,1492.718089811723
DHFS,-18097.545064647144,3373.4905609348216
CITt7pp,,
CRNt7pp,,
EX_ni2_e,,
GLCtex_copy1,,
EX_no_e,,
CHLabcpp,-27365.198747904353,304.2778553577678
DGSNt2pp,,
FE3DCITtonex,,
DINSt2pp,,
DURIt2pp,,
FE2abcpp,-27365.198747904353,304.2778553577678
FRUptspp,-41777.713454114164,1370.8912572580182
FUCtpp,,
EX_fad_e,,
GALCTt2rpp,,
GALt2pp,,
ASPtex,,
ABUTt2pp,,
FUMt2_2pp,,
FUMt2_3pp,,
PHEtex,,
FEENTERtonex,,
CSNt2pp,,
CYNTt2pp,,
CYSabcpp,-27365.198747904353,304.2778553577678
SBTptspp,-45696.19174531874,2055.7278826443167
PItex,,
TREHpp,-11454.003518444324,1077.2671576553616
CYTBDpp,-85369.75269582757,6233.481262319542
CYTDt2pp_copy1,,
CYTDt2pp_copy2,,
DADNt2pp,,
DCYTt2pp,,
CYTBD2pp,-193307.3300464431,4902.4331017993745
ACGAMK,-9560.937434500716,2584.7339312522317
ACALDtpp,,
ACt2rpp,,
DDGLCNt2rpp,,
RMNtex,,
EX_meoh_e,,
EX_fe3dcit_e,,
EX_fe3hox_e,,
EX_fecrm_e,,
EX_feenter_e,,
EX_feoxam_e,,
MALTTRtexi,,
MALTTTRtexi,,
MALTPTtexi,,
METS,-3249.099725888641,5183.270625292752
ASPO3,-73583.2675271032,6585.316514442472
ASPO5,1.6977980971830675,3342.9878313284394
ASPO4,34354.30982351238,5345.073358058708
EX_3amp_e,,
EX_3gmp_e,,
EX_3ump_e,,
ASPO6,-71204.93264680167,4794.053851671276
EX_cu2_e,,
LCTStex,,
LEUtex,,
LYStex,,
EX_glyc__R_e,,
EX_eca4colipa_e,,
GLYOX3,-54594.86920543307,2913.815375759928
FDMO3,-97318.0141389181,70716948.04797173
LYXtex,,
MANtex,,
MAN6Ptex,,
FDMO4,322653.2089007261,100000000.0
CYSabc2pp,-27365.198747904353,304.2778553577678
BUTSO3abcpp,-27365.198747904353,304.2778553577678
ETHSO3abcpp,-27365.198747904353,304.2778553577678
MELIBtex,,
DMSOtex,,
DURItex,,
EX_mal__D_e,,
FRUtex,,
FUCtex,,
EX_sel_e,,
EX_hg2_e,,
O16GLCT1,-12814.85172359686,2188.046393510473
O16AP2pp,-12800.282610519162,1532.1097210540815
O16AP3pp,-12800.916900937182,1532.1097210540827
FUMtex,,
ACACT5r,2024660.1957905726,100000000.0
O16A4Lpp,-21965.13941591434,1793.2084934759764
PRASCSi,-72113.11266973638,5210.788097819467
MALTATr,-3544.4834202953643,3697.2565662904944
DHBSH,7040.300307273299,2043.4078359800249
MALDDH,20211.095952993004,5189.0643694612145
FE2tex,,
NMNtex,,
ENTERES,-194723.2051499691,16705.820797754754
NO2tex,,
TRSARr,-32807.24575804334,1692.7163689340468
DHPS2,-62101.66701897667,6515.806060336911
FEOXAMUtex,,
ARBTNtpp,,
MTHFC,-4698.385017943565,915.5240221321371
ARBTNtex,,
MTHFD,8773.132576009857,1140.0859910594436
LYXI,13766.6175520406,2610.967124287181
BUTt2rpp,,
CADVtpp,,
QULNS,-217307.23108204646,4235.443736369229
23CAMPtex,,
23CCMPtex,,
23CUMPtex,,
23CGMPtex,,
3AMPtex,,
3CMPtex,,
LADGMDH,1017738.138572334,100000000.0
ALKP,-14958.153538137032,2173.5108352537245
GDPtex,,
EX_cobalt2_e,,
ALAGLUE,,
FEENTERtpp,,
TMAtex,,
EX_pheme_e,,
TMAOtex,,
TREtex,,
L_LACD3,-105.67727332589527,4894.99856412863
FEENTERtex,,
FE3HOXUtpp,,
FEOXAMUtpp,,
FECRMUtpp,,
FE3HOXR2,-128605.1980289692,100000000.0
L_LACD2,-108043.25462394144,6227.635929710049
ACACT6r,30170.189293090516,1336.1144525852114
TRPtex,,
PTRCt2pp,,
GGGABAH,-14046.687727844357,3181.350968106506
PNTOtex,,
FRULYSK,-1009106.1534671837,100000000.0
FDMO6,-92120.75682189623,70716994.40559925
TSULtex,,
TYRtex,,
URAtex,,
UREAtex,,
URItex,,
SULFACabcpp,-27365.198747904353,304.2778553577678
ETHSO3tex,,
BUTSO3tex,,
LIPOtex,,
CYANSTpp,-2970.4479786730217,100000000.0
VALtex,,
XANtex,,
MCPST,-80553.72789960248,5494.076269644596
XYLtex,,
PPPNtex,,
ABUTtex,,
FORtppi,,
PHEMEabcpp,-27365.198747904353,304.2778553577678
METSOX1abcpp,-27365.198747904353,304.2778553577678
PPTtex,,
GALBDtex,,
LIPAHT2ex,-13428317.009415722,100000000.0
DATPHs,-16274.216775596016,1994.6310904215763
GLCTR1,-12816.226363407224,2188.0463935104735
LIPAabcpp,-27365.198747904353,304.2778553577678
LIPAHTex,1094691.412164124,8060.047533263423
LIPACabcpp,-27365.198747904353,304.2778553577678
ECAP1pp,-14370.981276838165,1532.109721054085
PTRCtex,,
UDCPDPpp,-31500.384576854798,1299.9753345553943
GGGABADr,-38015.6033959895,1106.7378058805332
EX_mso3_e,,
EX_23camp_e,,
EX_23cgmp_e,,
EX_23cump_e,,
ECAP2pp,-431016.0457930549,349755923.93396187
ECA4OALpp,2832393.3785756063,592417935.5806601
FE3Ri,-182513.2220921845,8795.612260882712
FE3HOXR3,-129523.7810236165,100000000.0
FEENTERR1,-206313.2220921892,6555.862306380519
NODOy,-488193.0200357306,10173.67306636222
PYRtex,,
GALM2pp,5399.309190526424,1801.0520299834895
CU1abcpp,-27365.198747904353,304.2778553577678
HG2abcpp,-27365.198747904353,304.2778553577678
FEENTERR3,-215027.37789121756,7354.509506072792
SULFACtex,,
EX_sulfac_e,,
EX_butso3_e,,
GLCTR3,-12816.30090118739,2188.0463935104726
HEPT4,-20310.77033925976,3477.2479291325158
EX_ethso3_e,,
DSERtex,,
LA4NTpp,4103180.2214083546,100000000.0
NODOx,-488323.5750697318,10171.231948730434
SERtex,,
NOtex,,
NOtpp,,
NHFRBO,-288971.6626459602,6593.931196587691
N2Otpp,,
N2Otex,,
CRNt8pp,,
CRNt2rpp,,
CRNDt2rpp,,
CTBTt2rpp,,
42A12BOOXpp,-93464.53659740566,4578.26639133407
TYROXDApp,-93461.98111874756,4578.26639133407
PACALDt2rpp,,
PEAMNtex,,
PACALDtex,,
LIPOt2pp,,
AGM4PA,-1179240.2024795585,100000000.0
RNDR3b,82000.69652602496,100000000.0
RNDR4b,80403.71834738374,100000000.0
ACGAL1Ptex,,
ACGALtex,,
GLCUR1Ptex,,
UDPGLCURtex,,
UDPGALPpp,-34219.98074205527,3982.1964122150957
UACGAMPpp,-28277.41729764915,4842.380581540765
UACGALPpp,-27044.621942547394,3362.89727853924
UGLCURPpp,-29123.960555971906,4842.380581540738
FEROpp,-48896.17515184847,16910.591725056907
ISETACabcpp,-27365.198747904353,304.2778553577678
ISETACtex,,
GUR1PPpp,-19946.96606501697,2706.925637182845
UDPGtex,,
ACGAL1PPpp,-24645.95571787533,1390.5000113009814
UDPGALtex,,
ACGAM1Ptex,,
UACGAMtex,,
UDPACGALtex,,
AM4PCP,779.6692599840753,2525.7151265318184
AM3PA,-1748665.7729988226,100000000.0
UM4PCP,2268700.2330871117,100000000.0
CBLAT,-499102.80808020587,100000000.0
NTRIR4pp,-310058.1280913293,14996.403194493003
NTRIR3pp,13754.603960519034,18928.65694502503
INOSTt4pp,,
PHEMEtiex,,
AGM3PA,-2196903.1763227377,100000000.0
CYANtex,,
SO3tex,,
TCYNTtex,,
ACANTHAT,-18310.68796726686,3383.0234446295253
METSOX2abcpp,-27365.198747904353,304.2778553577678
METSOX1tex,,
METSOX2tex,,
3UMPtex,,
MSO3abcpp,-27365.198747904353,304.2778553577678
MSO3tex,,
FECRMR1,-1127217.0003398412,1039251795.6780801
FECRMR2,-1121230.6627507233,1039251795.6780801
TDP,19702.15078276874,4104.694999088262
3PEPTabcpp,-27365.198747904353,304.2778553577678
4PEPTabcpp,-27365.198747904353,304.2778553577678
3GMPtex,,
FALDtpp,,
EX_tym_e,,
AGM3Pt2pp,,
SO4tex,,
AGM4Pt2pp,,
AGMt2pp,,
FECRMexs,472351.8891238281,519625796.51961344
ARBTNR1,-2802410.321853347,100000000.0
ARBTNR2,-2798407.788976397,100000000.0
METSOXR1,-167.93996170747505,100000000.0
METSOXR2,-167.93996170747505,100000000.0
DAPAL,1632.1190385600203,4257.547768272011
AMPTASECG,8571.119188617615,4907.252931191536
EX_imp_e,,
DOPAtex,,
4HOXPACDtex,,
ARBTNR3,-2799326.371971044,100000000.0
ARBTNexs,1342188.5180777595,100000000.0
FEOXAMexs,1875944.9017897726,100000000.0
LACZpp,-10740.95037253619,1054.0824625749879
SPMDtex,,
GPDDA1pp,-254529.77065460317,70714288.79739942
GPDDA5pp,-263707.80701449874,70714320.73601113
ETHAtex,,
G3PStex,,
FEOXAMR1,-3869923.089277373,100000000.0
FEOXAMR2,-3865920.5564004234,100000000.0
FEOXAMR3,-3866839.1393950707,100000000.0
PTHRpp,-31998.76657080745,2900.079225644337
FEENTERR2,-200326.88450307125,6555.8623063805235
FLVR,-12565.642144759295,4478.6801495152595
SUCCtex,,
FE3HOXR1,-132607.7309059192,100000000.0
FEENTERexs,11900.000000002365,2931.8707536058782
SUCRtex,,
FE3HOXexs,7287.222604045594,100000000.0
FECRMR3,-1135931.1561388695,1039251990.4214946
FDMO2,-73846.77420540048,70716990.31861462
LALGP,-5988.012837877079,3514.56075196987
AGM4PApp,-1179240.2024795585,100000000.0
ARABDI,5310.351565366262,742.5470267359453
AGt3,,
CD2t3pp,,
ZNabcpp,-27365.198747904353,304.2778553577678
SKMt2pp,,
FE2t2pp,,
GLYC2Ptex,,
PSERtex,,
TARTRtex,,
R5Ptex,,
THRPtex,,
TYRPtex,,
R5PPpp,-546.4738020881441,2032.4259497506305
PSP_Lpp,-10577.82815834355,276.7919181936995
TYRPpp,-393.0260891572175,100000000.0
R1PK,-22941.154057968903,2678.4027355640405
PAPSR2,33220.355361864764,100000000.0
GRXR,-83016.18742483697,100000000.0
RNDR1b,81380.77782271134,100000000.0
R15BPK,10960.897803097907,2612.2845849214277
Kabcpp,-27365.198747904353,304.2778553577678
RNDR2b,82545.89500606891,100000000.0
TAURtex,,
FACOAE181,2552997.088195681,100000000.0
FACOAE160,-26793.434770047894,6417.452435738566
FACOAE140,-1140930.7995380196,100000000.0
LEUabcpp,-27365.198747904353,304.2778553577678
L_LACt2rpp,,
MALt2_2pp,,
CPGNR1,-4433519.593446849,100000000.0
CPGNR2,-4429517.060569898,100000000.0
THRtex,,
CPGNR3,-4430435.643564546,100000000.0
CPGNUtpp,,
CPGNUtex,,
MALt2_3pp,,
MALTabcpp,-27365.198747904353,304.2778553577678
MALTHXabcpp,-27365.198747904353,304.2778553577678
MALTPTabcpp,-27365.198747904353,304.2778553577678
AAMYL,2526147.238232707,100000000.0
AAMYLpp,2526147.238232707,100000000.0
MALTTRabcpp,-27365.198747904353,304.2778553577678
THMDtex,,
MALTTTRabcpp,-27365.198747904353,304.2778553577678
MAN6Pt6_2pp,,
FACOAL80t2pp,-10487.839641773846,1462.572396701023
PPGPPDP,-26677.870749222664,6323.992700205567
CPGNabcpp,-27365.198747904353,304.2778553577678
CPGNexs,2157743.15387451,100000000.0
MANGLYCptspp,-42843.14559477046,1304.600840768233
MELIBt2pp,,
CBIuabcpp,-27365.198747904353,304.2778553577678
METabcpp,-27365.198747904353,304.2778553577678
CITtex,,
ACGAtex,,
DDCAtexi,,
TTDCAtexi,,
HDCAtexi,,
GUACYC,-1297.2582707509305,3065.376454370207
EX_fe3hox_un_e,,
GGPTRCS,-22359.719165712086,2381.4136225837556
EX_23dappa_e,,
RMNtpp,,
23PDE2pp,-30934.819025825163,3028.4987252298447
23PDE4pp,-30125.459427211183,3028.4987252300025
23PDE9pp,-30137.176207683522,3028.498725227365
SERt4pp,,
METDtex,,
SUCCt2_3pp,,
MNLptspp,-42907.970097510304,1820.965592032517
NAt3_1p5pp,,
ATPHs,-55644.68204824328,3546.5101594816906
SARCOX,-70470.66073611844,6352.905722692348
GTPHs,285105.210987055,67666425.77573851
MN6PP,-10518.790288885619,1420.4692500232763
NAt3_2pp,,
NH4tpp,,
3KGK,-15311.64883754468,1240.8953619082083
METtex,,
EX_cd2_e,,
F6PP,-16592.714883890614,1455.4484402589515
NMNPtpp,,
NO2t2rpp,,
NO3t7pp,,
ORNabcpp,-27365.198747904353,304.2778553577678
PIuabcpp,-27365.1987479044,304.2778553577678
PNTOt4pp,,
FRULYSDG,973636.4708613193,100000000.0
METDabcpp,-27365.198747904353,304.2778553577678
GDPMNH,-14191.806693922616,3767.156845955148
FACOAL60t2pp,-1743088.600922402,100000000.0
IDONt2rpp,,
ILEabcpp,-27365.198747904353,304.2778553577678
INDOLEt2pp,,
INSt2pp,,
PROabcpp,-27365.198747904353,304.2778553577678
PROt2rpp,,
MNLtex,,
PROt4pp,,
PTRCabcpp,-27365.198747904353,304.2778553577678
LYXt2pp,,
GDPDPK,-10840.654713732762,6311.344839941867
OCDCAtexi,,
OCDCEAtexi,,
ASNNpp,-17400.434311436526,3529.3678219467556
GLUNpp,-14248.507159941311,859.8395737360663
G6Ptex,,
NTD12,-17376.077855057993,2410.705579627423
TUNGSabcpp,-27365.198747904353,304.2778553577678
NAtex,,
MOBDabcpp,-27365.198747904353,304.2778553577678
MOBDtex,,
NI2uabcpp,-27365.198747904353,304.2778553577678
FECRMtonex,,
ARBTNtonex,,
ADOCBLabcpp,-27365.198747904353,304.2778553577678
EX_enter_e,,
EX_fecrm_un_e,,
EX_cgly_e,,
NI2tex,,
NTD10pp,-11678.924931308757,2189.252354193058
NTD1pp,-14087.977073092026,1246.7083431376375
EX_chtbs_e,,
EX_gmp_e,,
NTD2pp,-9087.981582503573,4172.982410113853
NACtex,,
NTD3pp,-16694.258334744696,2342.709712491549
NTD4pp,-14200.677195833414,2788.9367722902484
NTD5pp,-9994.844790642786,2985.182742101823
EX_h2o2_e,,
EX_ump_e,,
EX_pydam_e,,
CRNabcpp,-27365.198747904353,304.2778553577678
CRNDabcpp,-27365.198747904353,304.2778553577678
DNTPPA,-51209.91740758795,5934.372874449588
NTD6pp,-16368.891768669137,2573.3658890324687
NTD7pp,-14794.464588337696,1409.747628727636
CTBTabcpp,-27365.198747904353,304.2778553577678
NTD9pp,-7887.172458050095,3372.114482748925
NH4tex,,
PEAMNOpp,-93448.3679973598,4578.26639133407
GAL1PPpp,-13590.657835131771,1527.2089232112464
NTPP9,-14098.737929381386,2931.8707536933234
NTPP10,-47442.33186665421,2555.219646682197
NTPP11,-47438.76574550979,2555.219646682197
H2O2tex,,
ARGDCpp,-4891.590753892274,6149.141525687606
URIH,-14493.071505219461,2185.3200933713406
ALLPI,-2001.4651490103006,468.4348837533192
ALLK,-8645.235577692518,1809.6673476561252
ALLULPE,-2540.504921706315,718.5917248763403
ADEtex,,
ADNtex,,
NADPHQR2,-134671.3549161363,6215.576099684472
NADPHQR3,-26733.777565520315,4879.646290527873
NADPHQR4,-49146.66963700597,6168.475770862073
GLBRAN2,-1711260.8096922527,100000000.0
ASR,41020.170348335894,100000000.0
ASO3tex,,
AGMtex,,
ALAtex,,
BALAtex,,
DALAtex,,
MANGLYCtex,,
EX_frulys_e,,
AMPtex,,
METOX1s,-21.382139664922306,100000000.0
XTSNH,-3272.747805113937,3413.5490040810387
METOX2s,-21.382139664922306,100000000.0
FRUURt2rpp,,
FRUURtex,,
ARBtex,,
ARGtex,,
INSH,-5546.48758189262,1756.9265318947305
ASCBtex,,
FACOAL100t2pp,-1295727.439294048,100000000.0
RIBabcpp,-27365.198747904353,304.2778553577678
ECAtpp,,
O16AT,5339.9993634811835,2272.268268996664
O16GALFT,-23332.11776283048,1747.7548587402357
O16GLCT2,-22044.677655288127,2185.064288365128
O16AUNDtpp,,
O16AP1pp,-12800.9167497637,1532.1097210540843
GPDDA3pp,-255521.7273557479,70714445.76310435
GPDDA4pp,-261356.88833959706,70714869.11606833
GPDDA2pp,-246578.4530432088,70714965.69959395
FACOAL120t2pp,891484.1399640917,100000000.0
GLYCAt2rpp,,
GLYCAtex,,
FACOAL140t2pp,1054461.3892232862,100000000.0
EX_enlipa_e,,
BUTtex,,
EX_hacolipa_e,,
AGM4PCP,327036.19809154636,62805916.89531347
4PCP,-1017698.0917745214,100000000.0
FE3HOXtonex,,
CU2abcpp,-27365.198747904353,304.2778553577678
COBALT2abcpp,-27365.198747904353,304.2778553577678
NI2abcpp,-27365.198747904353,304.2778553577678
MG2uabcpp,-27365.198747904353,304.2778553577678
4PCPpp,-1017698.0917745214,100000000.0
HCYSMT2,1706.580553644244,100006938.95082596
FALDH2,-29337.60234516876,4676.716798549398
CHLtex,,
GLYBabcpp,-27365.198747904353,304.2778553577678
GLYC3Pt6pp,,
MMETtex,,
FE3tex,,
MG2tex,,
Zn2tex,,
MMETt2pp,,
CD2tex,,
GLYCLTt4pp,,
GLYCtpp,,
H2Otpp,,
GLNabcpp,-27365.198747904353,304.2778553577678
CO2tex,,
GLUabcpp,-27365.198747904353,304.2778553577678
GLUABUTt7pp,,
GLUt2rpp,,
HCINNMt2rpp,,
HISabcpp,-27365.198747904353,304.2778553577678
HISt2rpp,,
CBIAT,-499102.80808020587,100000000.0
GLUt4pp,,
GLYALDtpp,,
CRNtex,,
EX_etha_e,,
ACGK,24346.472753965372,3080.175450846588
LYSabcpp,-27365.198747904353,304.2778553577678
COBALT2tex,,
LCTSt3ipp,,
PPK2,-200.1132479754997,100000000.0
ARBt3ipp,,
14GLUCANabcpp,-27365.198747904353,304.2778553577678
14GLUCANtexi,,
DINStex,,
DHPTPE,,
PPDOy,-20539.488915830134,1035.2372356437152
FALGTHLs,-10792.493998358965,2845.170209569958
NTD12pp,-17376.077855057993,2410.705579627423
PPA2,-36246.74950238366,100000000.0
DIMPtex,,
EX_hdca_e,,
EX_glcr_e,,
GNK,-10010.730926495853,3206.7392184829528
HMBS,-133097.9116535018,8620.247331773218
3NTD7pp,-18221.80823261187,2992.267213360489
DMStex,,
3NTD4pp,-22673.39053267046,2196.5559944050096
3NTD2pp,-14471.283621137047,1880.9455097437904
3NTD9pp,-13849.755514534714,3411.7665564229583
RMK,-1803.5578692960712,2756.953351007275
FHL,21362.098398858037,4362.838922370964
HYPOE,-14398.6800137385,2710.557196426424
MEPCT,-9221.447221774426,1655.6716377567673
GLUDy,36351.01950970193,374.6213752313538
23PDE7pp,-30227.19491421458,3028.4987252301644
GALTptspp,-43652.611843662824,1969.6708750790965
GALURt2rpp,,
ZN2abcpp,-27365.198747904353,304.2778553577678
CSNtex,,
GLYCLTDy,-44037.456445781005,916.3905753482678
LYSDC,-25022.397698427598,3537.589852811404
DAAD,15291.193557287457,3186.554838833126
GLCNt2rpp,,
GLCptspp,-45484.35837095887,603.5605264525685
GLCRt2rpp,,
GLCt2pp,,
UREAtpp,,
XANt2pp,,
GLYC3Pabcpp,-27365.198747904353,304.2778553577678
PPPNt2rpp,,
PTRCORNt7pp,,
GLCURt2rpp,,
ACMUMptspp,-42812.77151061532,1304.600840768233
EX_h2o_e,,
EX_ala__D_e,,
HSTPT,8293.431482439302,2931.8707535840417
SPMDabcpp,-27365.198747904353,304.2778553577678
CYNTtex,,
HG2tex,,
NTPP5,-42863.95122541704,2555.219646682194
THDPS,25997.20104011135,5198.938766936006
ACONMT,48940.20492225263,100006066.64388572
XTSNtex,,
ATPM,-27365.198747904353,304.2778553577678
CYStex,,
NADPPPS,-17314.06147016282,2947.6178737149194
EX_mnl_e,,
THRD_L,-24091.969719207158,4155.707806831881
EX_malt_e,,
NTD3,-16694.258334744696,2342.709712491549
CYTDtex,,
GLYOX,-31127.197150573666,3026.2530668975814
DADNtex,,
4PEPTtex,,
NAMNPP,-35058.64410996224,2947.6178737811624
EX_pnto__R_e,,
SELNPS,-120331.57409234108,100000000.0
DHAtex,,
ETOHtex,,
MTRPOX,-51885.12058897794,7786.523595427325
AGM4PCPpp,327036.19809154636,62805916.89531347
GTPDPDP,-26709.03506040605,1282.489967523194
CRNCAR,,
GALabcpp,-27365.198747904353,304.2778553577678
GLYCLTt2rpp,,
GUAt2pp,,
HPPPNt2rpp,,
RNDR2,-38668.19656960165,3038.8112249136393
EX_asn__L_e,,
ANHMK,612217.0900292475,100000000.0
DCAtex,,
DHFR,-25193.907748267746,1108.142984454745
EX_cit_e,,
PRAIi,-9826.198200800605,1348.2617169023351
EX_mal__L_e,,
NMNN,-23675.01130859466,4994.2437616609595
XAND,-22447.444817358046,4676.524059502258
EX_no2_e,,
HACD3,-18669.705980657454,986.2312729818157
TYRTA,423.8716409940366,2073.145691421786
SHKK,-23704.174395133974,2839.955126020308
DCYTtex,,
EX_gam_e,,
ACACtex,,
ACNAMtex,,
ARBTNabcpp,-27365.198747904353,304.2778553577678
EX_inost_e,,
EX_mobd_e,,
NNDMBRT,-20626.032097572646,3927.3563827864136
DGSNtex,,
THRA2,-81.55475338750762,2251.808091664339
ASO3t8pp,-27365.198747904353,304.2778553577678
H2Stex,,
PPK,-10347.8614776365,313.8132829477994
EX_so4_e,,
SADH,-87729.42883273674,6540.804829411834
GLUSy,-50599.526669642844,943.6721038249108
GUAPRT,-29622.456155192864,2218.103752102604
EX_phe__L_e,,
EX_thr__L_e,,
EX_uri_e,,
OMCDC,-16807.575084912514,4325.8262195386715
ABUTD,-47349.285278306525,2011.2570507932949
E4PD,-46100.05355904923,2211.544947163987
IG3PS,238460.51701790554,59936322.30685527
PDH,-34024.347722791164,3222.6667061062476
MTHFR2,-43530.08948155059,4182.738122022188
DMSOR2pp,-201769.63797495005,6846.083687086879
H2St1pp,,
EX_nh4_e,,
DADK,2779.0673113127013,1468.6952273286608
DUTPDP,-37255.50470409773,2555.219646682197
EX_ddca_e,,
HYD3pp,-84853.64960100333,6803.876041034369
NO3R1pp,-8869.7526958278,7486.522616006437
NTP5,-27629.00792704597,2315.701777495496
CELBpts,-848813.6232541128,100000000.0
FORt2pp,,
EX_r5p_e,,
EX_glyc2p_e,,
MTAN,-14125.849180587693,2218.7302393229043
DPR,-18878.523137838158,2931.8707536827383
EX_halipa_e,,
AACPS5,-1348719.8449015024,100000000.0
MANptspp,-44429.73181732513,1484.1509126851793
EX_cmp_e,,
NTD8,-14408.837544888975,2342.709712491176
GALCTD,-41014.142844129296,1246.8541086779392
EX_malthx_e,,
MLTG4,-14583.852080788347,1862.440810161761
UDPGDC,-11159.379748747255,3850.4706460458656
PUNP4,16731.928976877924,3766.7939038427407
AMAOTr,-584.1004362950457,4.947086411881931e-09
EX_csn_e,,
EX_etoh_e,,
G6PP,-9464.163735251652,469.0844157372136
MMCD,-19433.4633789058,5943.262916127737
GLNS,-13116.691587962983,827.1014679972195
TYMtex,,
GTHS,-28447.207746991076,2617.756782295505
EX_g3pe_e,,
EX_pacald_e,,
EX_his__L_e,,
EX_k_e,,
EX_na1_e,,
ACACT1r,24961.216158614887,861.8551221849548
ARGORNt7pp,,
EX_dmso_e,,
CMPtex,,
DUMPtex,,
XMPtex,,
3PEPTtex,,
EX_12ppd__S_e,,
EX_pppn_e,,
ANHGMtex,,
MALTptspp,-39289.65792557436,2822.350233991506
UDPKAAT,32440.46528032561,2425.0675986662477
ULA4NFT,539.1882499773146,5691.684658180139
EX_acgam1p_e,,
NTD11pp,-5634.526460308855,1860.8873134951891
EX_galt_e,,
DKGLCNR2x,-24409.737892809062,1166.8755673135079
ACGS,-22970.816091647066,3384.8619065428757
PDE1,-40868.50002962706,1125.0801220464004
UPLA4FNT,250460.75789310448,70717779.95115203
UPLA4FNF,-4114826.269571784,100000000.0
ULA4Ntppi,,
HEPT1,-11080.11166326105,3326.2102166545315
FALDtex,,
MCITD,-2853.6105731163134,2899.1942296169527
CU2tex,,
EX_glcur1p_e,,
GLCATr,-2246.4754939960585,2374.2125212639935
ALR2,-18896.87596261456,1714.947743447634
AMALT2,-1297.99329165553,2248.555001172278
MLTP1,3902.931548684819,1868.6167677825015
HEPT2,-11080.111663259231,3326.2102166545296
FECRMUtex,,
ALAALAr,-25728.89148196504,4254.8124336330575
EX_thrp_e,,
CLtex,,
CYSDtex,,
CYSDabcpp,-27365.198747904353,304.2778553577678
HXAND,15756.014771431324,3941.7229496680384
EX_fald_e,,
EX_pydxn_e,,
EX_acgal_e,,
EX_so2_e,,
EX_dms_e,,
GMPtex,,
IMPtex,,
G3PItex,,
CD2abcpp,-27365.198747904353,304.2778553577678
G3PGtex,,
G3PEtex,,
G3PCtex,,
MOAT3C,-260055.7104036652,70714599.9316507
UMPtex,,
G1Ptex,,
ADNK1,-12570.7341595662,1426.5768290265582
CUt3,,
ZN2t3pp,,
SKMtex,,
MNt2pp,,
RHAT1,-17726.580416365323,2203.2520732531507
GLCabcpp,-27365.198747904353,304.2778553577678
GALT1,-22046.95957718792,2185.064288365125
MNtex,,
GAL1Ptex,,
GLCTR2,-12816.30090118557,2188.0463935104754
G2PPpp,-27494.90916474071,2402.3275941766697
UDPGPpp,-35105.616745084204,3786.562952924402
EX_acgal1p_e,,
EX_cyan_e,,
EX_tyrp_e,,
O2Stex,,
HEPK1,-22135.289529871443,1385.2905427406718
HEPT3,-20310.77033925976,3477.247929132515
HEPK2,-28617.769920716455,1385.290542740672
ALDD3y,-290966.71909692645,100000000.0
EX_uacgam_e,,
Kt3pp,,
EX_udpacgal_e,,
EX_udpg_e,,
EX_udpgal_e,,
EX_udpglcur_e,,
EX_14glucan_e,,
EX_pser__L_e,,
R5PP,-546.4738020881441,2032.4259497506305
EX_xmp_e,,
EX_damp_e,,
CYSSADS,-253104.5790566782,100005251.6900848
EX_dimp_e,,
CPPPGO2,27834.985329935735,200013650.1053923
EX_isetac_e,,
AGM3PH,52224.23271663229,3695.014755145502
HOMt2pp,,
EX_aso3_e,,
EX_tcynt_e,,
EX_fe3dhbzs_e,,
AGM3PApp,-2196903.1763227377,100000000.0
PPPGO,-5.1165504939945095,100000000.0
EX_feoxam_un_e,,
HOMtex,,
SO2tex,,
SO2tpp,,
LDH_D2,-111121.60211918683,6548.408585496435
EX_g3pc_e,,
EX_g3pg_e,,
EX_g3pi_e,,
SHCHF,3238.791092126121,100000000.0
SUCOAS,-1751.3499411736575,1333.4281243274504
SUCBZL,-15347.53800043518,1462.572396701023
CYSDDS,4565.957795278806,4493.284797400314
CYStpp,,
EX_g3ps_e,,
EX_peamn_e,,
EX_34dhpac_e,,
NTP1,-27365.198747904353,304.2778553577678
DAMPtex,,
DCMPtex,,
DGMPtex,,
DTMPtex,,
ACSERtpp,,
ACSERtex,,
LALDO3,-11105.098149591186,2112.8417976948695
NTP10,-28689.281703186174,1463.365443920544
PRAIS,5183.173399230604,48215471.47683914
GDMANE,,
GPDDA4,-261356.88833959706,70714869.11606833
LPLIPAL2ATG120,3828345.9485931373,100000000.0
PLIPA1E140pp,1548279.0910804817,100000000.0
LPLIPAL2E140,-1140840.7448183852,100000000.0
PLIPA1E160pp,-19336.36727428842,6623.757728630547
GALKr,-13774.540912772181,1512.5812130591976
PLIPA1E161pp,-81488.6246295972,100000000.0
AACPS8,-4980.785685135899,100000000.0
AACPS9,-615315.2123250726,100000000.0
LPLIPAL2E180,-23541.30218501504,2204.3320593565886
LPLIPAL2G161,488122.042187524,100000000.0
LPLIPAL2G181,1831861.1014038902,100000000.0
2AGPE120tipp,,
HXCT,-1697761.889691506,100000000.0
AACPS6,-1430210.5655528745,100000000.0
2AGPEAT160,-18182.158188666945,6639.947278675436
AACPS7,-4980.785685135899,100000000.0
PANTS,-44434.473175169886,1327.2864385822404
G3PGabcpp,-27365.198747904353,304.2778553577678
G3PIabcpp,-27365.198747904353,304.2778553577678
DURADx,1428.478209195987,3858.7636822632876
ECOAH7,-432.742350962144,1492.718089811723
G1PPpp,-16835.507362681376,827.8751608394058
GALCTND,-41014.03194598201,1246.8541086779392
GCALDD,-60927.408688844254,2347.488371992535
HISTP,-18269.426687144864,2180.210430097401
G3PSabcpp,-27365.198747904353,304.2778553577678
QMO2,-83265.4723350488,100000000.0
QMO3,-83248.24852287726,100000000.0
LPLIPAL2E141,488926.9708916934,100000000.0
LPLIPAL2E161,488926.9708916934,100000000.0
LDH_D,23680.307830950384,2073.1456915203667
AMALT4,-1297.994083409776,2248.555001172279
NTD11,-5634.526460308855,1860.8873134951891
LPLIPAL2E181,1832666.0301080598,100000000.0
YUMPS,-444831.33811310324,100000000.0
LPLIPAL2G180,-23541.304012805398,2204.332059356407
LPLIPAL2G141,488122.042187524,100000000.0
2AGPA120tipp,,
2AGPG180tipp,,
IPDDI,-4854.215283724272,2931.8707537204614
ORNDC,-29547.045538292536,5470.350588506809
UPP3MT,-263166.69046980585,289765608.15973604
KAS15,-81065.61358471322,100000000.0
ALAALAtex,,
FACOAL181t2pp,-2639466.4985104143,100000000.0
T2DECAI,,100000000.0
2AGPGAT180,-20704.10004957459,2228.9776347570846
2AGPGAT181,-1348719.8449015024,100000000.0
3OAS161,,100000000.0
DHQS,-150528.02398628552,6264.636668485051
EAR141y,-34987.77942146217,100000000.0
EAR161x,-38694.59719564066,100000000.0
2AGPG141tipp,,
2AGPG161tipp,,
2AGPG181tipp,,
2AGPEAT140,-1634748.5013952148,100000000.0
2AGPEAT120,-1471771.2521360205,100000000.0
DASYN160,-3217578.210777355,100000000.0
DASYN161,2561438.920711925,100000000.0
DASYN181,2887393.419230313,100000000.0
CDAPPA161,-2648578.823595326,100000000.0
2AGPEAT161,-4980.785685135899,100000000.0
2AGPEAT141,-4980.785685135899,100000000.0
2AGPGAT160,-18182.157932710124,6639.947278675701
PGSA180,222706.5076713102,70714844.39976613
PGCD,33927.60826913355,564.0702981300219
PSSA140,-2689267.3493313636,100000000.0
2AGPGAT141,-4980.785685135899,100000000.0
FACOAE180,-27021.578889350705,1443.0114519028016
LPLIPAL2ATG140,-6726.878760971658,554.0021663834775
LPLIPAL2ATG141,569610.6668171212,100000000.0
LPLIPAL2ATG160,-6726.878760972568,554.0021663846358
LPLIPAL2ATG180,-6726.878760973477,554.0021663817056
LPLIPAL2ATG161,-2281681.4917164957,100000000.0
LPLIPAL2ATG181,569610.6668171212,100000000.0
FACOAE100,1209258.0289793147,100000000.0
FACOAE80,-27030.685821181803,1443.0114519028014
FACOAE60,1656619.1906076688,100000000.0
CLPNS180pp,-6354493.31527322,100000000.0
PLIPA1E120pp,1385301.8418212873,100000000.0
CLPNS181pp,6352873.940276635,100000000.0
EX_cys__L_e,,
PG161abcpp,-27365.198747904353,304.2778553577678
PGP120abcpp,-27365.198747904353,304.2778553577678
MALtex,,
NO3tex,,
3OAS141,,100000000.0
3OAR121,-34987.77942146217,100000000.0
CFAS160G,-198895.2602371503,200022285.1873451
PGP161abcpp,-27365.198747904353,304.2778553577678
PGP181abcpp,-27365.198747904353,304.2778553577678
PA120abcpp,-27365.198747904353,304.2778553577678
PLIPA1G120pp,-81488.6246295972,100000000.0
URAt2pp,,
FACOAE141,1209258.0289793147,100000000.0
CLPNS120pp,325954.49734918104,100000000.0
ALPATE160pp,-1222329.3694439586,100000000.0
FACOAE161,1209258.0289793147,100000000.0
EX_gsn_e,,
TTDCEAtexi,,
HDCEAtexi,,
ALPATG160pp,-1222329.369699917,100000000.0
2AGPGAT120,-4980.785685135899,100000000.0
LPLIPAL2ATE120,2362360.410846422,100000000.0
ALAALAD,-1636.3072659393083,4293.873440990772
2AGPEAT180,-20704.100305533684,2228.977634757412
LPLIPAL2ATE140,-6726.876933180961,554.0021663825984
EX_orot_e,,
LPLIPAL2ATE160,-6726.876933181416,554.0021663833994
LPLIPAL2ATE180,-6726.8769331832345,554.0021663788112
LPLIPAL2ATE141,570415.5955212906,100000000.0
2AGPEAT181,-1348719.8449015024,100000000.0
2AGPGAT140,1054371.3347555865,100000000.0
PLIPA1E181pp,1262250.4345867692,100000000.0
PLIPA1G180pp,-16814.42541338069,2180.2770192420694
LPLIPAL2ATE161,-2280876.5630123266,100000000.0
LPLIPAL2ATE181,570415.5955212906,100000000.0
FACOAL141t2pp,-1295727.439294048,100000000.0
FACOAL161t2pp,-1295727.439294048,100000000.0
PA160abcpp,-27365.198747904353,304.2778553577678
PLIPA1G181pp,1262250.4345867692,100000000.0
ALAALAabcpp,-27365.198747904353,304.2778553577678
HEXt2rpp,,
G3PEabcpp,-27365.198747904353,304.2778553577678
G3PCabcpp,-27365.198747904353,304.2778553577678
2AGPGAT161,2846311.372848481,100000000.0
PA181abcpp,-27365.198747904353,304.2778553577678
12DGR141tipp,,
AMPTASEPG,28360.75989177891,8124.273909249913
ADSL1r,16141.784825778472,1376.9709069379956
PROGLYabcpp,-27365.198747904353,304.2778553577678
GTHRDabcpp,-27365.198747904353,304.2778553577678
PGPP140pp,2643408.4796087136,100000000.0
PGPP141pp,-44906.42966570891,100000000.0
PGPP160pp,-12070.242057696938,1246.708343137499
2AGPG140tipp,,
PGPP180pp,-12070.242057696028,1246.708343137496
2AGPG160tipp,,
SERD_D,-28797.490333474387,3019.929516130346
CLPNH141pp,-81488.6246295972,100000000.0
CLPNH160pp,-246718.54759825964,70714228.01791921
CLPNH161pp,-2605206.9119866565,100000000.0
AICART,7044.4244326714625,2931.8707537589785
CLPNH181pp,-6108408.067557051,100000000.0
D_LACt2pp,,
PLIPA1E180pp,-16814.425157420912,2180.277019241544
RIBtex,,
FLVRx,-12696.197178760258,4473.1321884459885
THMtex,,
XYLUtex,,
PLIPA1G140pp,-1140840.7450703199,100000000.0
PLIPA1G161pp,-2932780.7831632146,100000000.0
CLPNS160pp,-7060.198596005819,2212.9094558794372
CLPNS161pp,-7060.198596006729,2212.9094558794372
EX_manglyc_e,,
ALLtex,,
PG160abcpp,-27365.198747904353,304.2778553577678
FRUpts2pp,-38355.807222319796,1516.1761562996328
PGP140abcpp,-27365.198747904353,304.2778553577678
PAPA120pp,-44906.42966570891,100000000.0
PAPA140pp,-2445439.603221338,100000000.0
GGPTRCO,-92258.42148462456,4578.266391334071
EX_metsox_R__L_e,,
PAPA141pp,-44906.42966570891,100000000.0
34dhpactex,,
PAPA160pp,-2771394.101739726,100000000.0
G6Pt6_2pp,,
PAPA161pp,-44906.42966570891,100000000.0
MALTHXtexi,,
12PPDStpp,,
PAPA180pp,-3097348.6002581147,100000000.0
PROtex,,
HPYRI,1576.87371200187,1737.65664999573
FE3HOXUtex,,
HYD1pp,-170378.33488013354,6846.60661181727
EX_cl_e,,
FE3DHBZStonex,,
AACTOOR,-94760.50141542112,4802.9625384715355
H2tpp,,
23DAPPAtex,,
ECAP3pp,1262967.0393372874,596658122.6035829
FEOXAMtonex,,
TPRDCOAS,1613.7442072794101,4244.717405595886
ACGAM1PPpp,-22462.06313956163,2639.693693228754
EX_dgmp_e,,
GAMptspp,-35904.95809657635,2981.5319496857223
GSNt2pp,,
EX_4hoxpacd_e,,
FMNRx,-27396.690566906385,2983.191592971369
EX_3hpppn_e,,
EX_man6p_e,,
GSNtex,,
SBTtex,,
FORtex,,
EX_tsul_e,,
PHEt2rpp,,
DHBS,1166206.7916133255,100003162.92389889
THIORDXi,-313129.6508853069,3558.2557088731737
EX_n2o_e,,
PPPGO3,-166.89407490491703,100000000.0
PFK,-18947.378662419793,1526.9839212951551
PDX5POi,-112812.31949041774,4232.046561146337
PDX5PO2,19611.255579417844,1010.9657895836501
MDDCP1pp,-4452741.409316656,100000000.0
GUI2,1342.7917903953812,2073.145691516232
OMBZLM,-22792.54021966028,100005897.9441161
PLIPA1A181pp,1262250.4345867692,100000000.0
PGM,-4520.40798250934,360.850492196799
LPLIPAL2A141,200204.2306984236,100000000.0
HG2t3pp,,
CYTBO3_4pp,-85369.75269582757,6233.481262319542
EX_maltttr_e,,
GLYCK,-12845.717259245703,629.2198730324727
MLTG5,-12932.575022242418,1778.2247562859295
GPDDA3,-255521.7273557479,70714445.76310435
EAR141x,-38694.59719564066,100000000.0
EAR181x,-38694.59719564066,100000000.0
TPI,5575.349871345168,548.6662102928208
EAR181y,-34987.77942146217,100000000.0
G3PAT141,-281692.8553280208,100000000.0
2DOXG6PP,-15307.936896242729,1246.7083431376373
OXAMTC,9743.526788056342,5021.655440558205
UDCPPtppi,,
AGMH,529546.3646360144,100000000.0
G3PAT181,-281692.8553280208,100000000.0
DASYN140,-9286.91387889937,1655.6716377567675
MPTG,-1506346.1292018306,1111777894.8721707
DASYN180,-9286.913878898915,1655.6716377567677
MPTG2,-806824.5886063931,507451524.6869627
DASYN141,2235484.422193536,100000000.0
RPI,4411.734998458314,1666.8851934475888
MCTP1App,269765.958074674,713273745.6890284
MCTP2App,-256383.13997803198,100000000.0
CDAPPA160,3130438.3078939538,100000000.0
CDAPPA141,-2322624.325076937,100000000.0
MCTP1Bpp,-4452743.678422911,100000000.0
PERD,18701.95897459746,986.2312729818156
MELIBt3ipp,,
PGSA141,-2522828.5557753607,100000000.0
EX_alaala_e,,
EX_dtmp_e,,
5DOAN,-12996.95280164059,3097.9229099570325
DM_5drib_c,,
EX_lipoate_e,,
EX_pydx_e,,
EX_g1p_e,,
GLCtex_copy2,,
NAt3pp,,
MINOHPtexi,,
12PPDRtpp,,
SFGTHi,-5710.124361936323,4415.9267890098345
PYDAMK,-12966.518734165787,2705.0719899604587
DHORDfum,-51541.89861248966,2388.8958511819446
K2L4Aabcpp,-27365.198747904353,304.2778553577678
FACOAE120,-977953.5502788249,100000000.0
3OAR120,-34987.77942146217,100000000.0
3HAD80,81488.6246295972,100000000.0
3HAD120,81488.6246295972,100000000.0
DSBCGT,-83016.18742483697,100000000.0
DSBGGT,-83016.18742483697,100000000.0
EAR180x,-38694.59719564066,100000000.0
AKGtex,,
SO4t2pp,,
EAR180y,-34987.77942146217,100000000.0
AGPAT120,-1178128.9494075002,100000000.0
DHNAOT4,-91854.91504482995,3820.540311125129
AMPMS2,-175855.9015514104,4642.825266747949
DM_oxam_c,,
ALR4x,-18668.601160420396,986.2312729818154
PGPP120,-44906.42966570891,100000000.0
DAGK120,8459.566915349797,100000000.0
ALLTNtex,,
PSSA180,217945.7288807689,70714832.0887221
ASNtex,,
PSSA161,-2852244.598590558,100000000.0
PSSA141,-2526290.100072169,100000000.0
PSD160,-19670.214363475225,3088.2532697420584
PSD161,,100000000.0
PSD180,-19670.214363475454,3088.253269740799
COLIPAabcpp,-27365.198747904353,304.2778553577678
LPLIPAL1G141pp,488122.042187524,100000000.0
LPLIPAL1G180pp,-16814.425252692985,2180.2770192459575
LPLIPAL1G181pp,-16816.5212744683,2180.277019245992
ACONIs,4500.643013071198,2836.607365130739
ACONTb,-1624.3387204222302,1134.8672841271705
GLCP2,408221.5981418326,100000000.0
F6Pt6_2pp,,
PPALtpp,,
PLIPA2A140pp,-1140915.5995185315,100000000.0
PLIPA2A141pp,-81488.6246295972,100000000.0
PLIPA2A180pp,-23616.1568851613,2204.3320593555086
GAM6Pt6_2pp,,
PLIPA2E141pp,-81488.6246295972,100000000.0
FE3HOXabcpp,-27365.198747904353,304.2778553577678
PLIPA2E181pp,1262250.4345867692,100000000.0
PLIPA2G140pp,-1140840.746806862,100000000.0
PPALtex,,
CA2tex,,
CUtex,,
3HAD161,81488.6246295972,100000000.0
PLIPA2G160pp,-26063.24629035879,6604.777768978769
CU1Opp,168168.11088992495,100000000.0
PLIPA2G181pp,3135679.0955727184,100000000.0
SUCDi,-73584.96532520042,6519.495116964107
FADRx2,-21279.797943788028,2991.5040342152606
LPLIPAL1E141pp,488926.9708916934,100000000.0
LALDO2x,-17025.98820720482,1688.4229905210075
12PPDRtex,,
LPLIPAL1E160pp,-19336.36727446759,6623.757728634493
LPLIPAL1E180pp,-16814.42515760122,2180.2770192460384
ASNS1,-34366.5983114593,3647.855517299791
EAR80y,-34987.77942146217,100000000.0
EAR120y,-34987.77942146217,100000000.0
3OAR181,-34987.77942146217,100000000.0
3HAD121,81488.6246295972,100000000.0
EAR121y,-34987.77942146217,100000000.0
LPLIPAL1E181pp,1832666.0301080598,100000000.0
LPLIPAL1G160pp,-19336.367369560037,6623.75772863454
LPLIPAL1G161pp,488122.042187524,100000000.0
GTHRDHpp,-1826.889730253356,2683.966002473052
EX_o2_e,,
PROGLYtex,,
EX_progly_e,,
MDDCP2pp,-6616498.433086018,100000000.0
LPLIPAL1G120pp,-977863.495650439,100000000.0
PLIPA2E140pp,1548279.0910766379,100000000.0
PLIPA2E160pp,-26063.24430170224,6604.777768979477
PLIPA2A161pp,-81488.6246295972,100000000.0
PLIPA2A181pp,1262250.4345867692,100000000.0
F6Ptex,,
MDDCP3pp,68115.95387929538,185392863.35008425
EAR140x,-38694.59719564066,100000000.0
EAR40y,-34987.77942146217,100000000.0
GAMAN6Ptex,,
EX_gal_bD_e,,
3OAS181,,100000000.0
EAR161y,-34987.77942146217,100000000.0
G3PAT140,1059413.3433386737,100000000.0
G3PAT160,-281692.8553280208,100000000.0
G3PAT161,-281692.8553280208,100000000.0
AGPAT160,2726487.672074017,100000000.0
AGPAT140,1059426.9748889343,100000000.0
PGSA160,3170678.546440798,100000000.0
MLDCP2Bpp,-381855.3251349385,315911966.01775926
3OAS140,,100000000.0
3OAR140,-34987.77942146217,100000000.0
CDAPPA140,-29997.855676984953,2346.2013513303827
MLDCP1App,668102.9007252145,402904929.2373565
EAR160y,-34987.77942146217,100000000.0
3OAR160,-34987.77942146217,100000000.0
PDE4,-33248.207839150265,3193.1216647801684
PGSA161,222706.5076713102,70714844.39976613
3HAD181,81488.6246295972,100000000.0
PGPP160,-12070.242057696938,1246.708343137499
EAR100y,-34987.77942146217,100000000.0
3OAR141,-34987.77942146217,100000000.0
3OAR161,-34987.77942146217,100000000.0
3HAD141,81488.6246295972,100000000.0
EAR121x,-38694.59719564066,100000000.0
PGPP180,-12070.242057696028,1246.708343137496
PGPP161,-12070.242057696938,1246.7083431377469
PGPP181,-44906.42966570891,100000000.0
PSD140,,100000000.0
MICITDr,2852.825525285539,2899.1942296169527
CDAPPA180,-29997.855676984953,2346.2013513303827
AGM4PH,378480.76154819503,62806114.30386084
NTP12,-33238.58138340216,1282.489967522858
PE141abcpp,-27365.198747904353,304.2778553577678
CDAPPA181,-2974533.322113714,100000000.0
PGSA140,-2685805.8050345555,100000000.0
LPLIPAL1A141pp,200204.2306984236,100000000.0
LPLIPAL1A180pp,-24317.714686355743,2411.1686306639017
LPLIPAL1E140pp,-1140840.7448145412,100000000.0
LPLIPAL1E161pp,488926.9708916934,100000000.0
LPLIPAL1G140pp,-1140840.7449096334,100000000.0
PE160abcpp,-27365.198747904353,304.2778553577678
PE161abcpp,-27365.198747904353,304.2778553577678
PSD141,,100000000.0
PG140abcpp,-27365.198747904353,304.2778553577678
PG141abcpp,-27365.198747904353,304.2778553577678
ACONTa,8467.621401283779,1134.0541692951745
MLDCP2App,345305.42186189815,228761893.88009766
12DGR140tipp,,
PG180abcpp,-27365.198747904353,304.2778553577678
12DGR160tipp,,
PG181abcpp,-27365.198747904353,304.2778553577678
AM4PA,-731031.8668042505,100000000.0
PGP141abcpp,-27365.198747904353,304.2778553577678
PGP160abcpp,-27365.198747904353,304.2778553577678
12DGR180tipp,,
PGPP120pp,-44906.42966570891,100000000.0
PGPP181pp,-44906.42966570891,100000000.0
CLPNH120pp,-81488.6246295972,100000000.0
PGP180abcpp,-27365.198747904353,304.2778553577678
EX_dump_e,,
PAPA181pp,-44906.42966570891,100000000.0
PA140abcpp,-27365.198747904353,304.2778553577678
CLPNH140pp,-246718.54759825964,70714228.01791923
EX_12ppd__R_e,,
PGSA181,-3174737.552812138,100000000.0
PGPP140,2643408.4796087136,100000000.0
PGPP141,-44906.42966570891,100000000.0
MDDCP5pp,830728.8946917943,244528724.6388831
MLTGY3pp,579112.9888335353,599311955.409083
12DGR120tipp,,
MDDCP4pp,1010573.5732865077,208794638.13546777
CLPNS140pp,-7060.198596005819,2212.9094558794372
CLPNS141pp,325954.49734918104,100000000.0
G3PAT180,1385367.8418570624,100000000.0
EX_o2s_e,,
PLIPA1G160pp,-19336.367530246378,6623.757728630618
PG120abcpp,-27365.198747904353,304.2778553577678
EX_gal1p_e,,
PE140abcpp,-27365.198747904353,304.2778553577678
CFAS160E,2730670.9142290973,100000000.0
PLIPA1G141pp,-81488.6246295972,100000000.0
LPLIPAL2E160,-26063.244301881412,6604.777768980714
LPLIPAL2G140,-1140840.7466461759,100000000.0
LPLIPAL2G160,-26063.24612967245,6604.777768980066
CFAS180E,3056625.412747486,100000000.0
EX_dcmp_e,,
CFAS180G,3097369.7252953104,100000000.0
PAPA160,-2771394.101739726,100000000.0
2AGPE140tipp,,
2AGPE160tipp,,
2AGPE180tipp,,
PAPA180,-3097348.6002581147,100000000.0
PAPA181,-44906.42966570891,100000000.0
2AGPE141tipp,,
2AGPE161tipp,,
EX_23ccmp_e,,
2AGPA161tipp,,
2AGPA181tipp,,
2AGPG120tipp,,
LPLIPAL2G120,488122.042187524,100000000.0
PA141abcpp,-27365.198747904353,304.2778553577678
PETNT161pp,244467.07028646598,100000000.0
PSSA160,3173772.068016508,100000000.0
PSSA181,-3178199.097108946,100000000.0
DAGK140,2408992.740470979,100000000.0
DAGK160,2734947.238989367,100000000.0
DAGK141,8459.566915349797,100000000.0
DAGK161,8459.566915349797,100000000.0
AGPAT181,,100000000.0
PA161abcpp,-27365.198747904353,304.2778553577678
PA180abcpp,-27365.198747904353,304.2778553577678
PGPP161pp,-12070.242057696938,1246.7083431377469
PE120abcpp,-27365.198747904353,304.2778553577678
MDDEP3pp,-201650.00419537863,601413105.1052613
MDDEP4pp,6775151.036587453,100000000.0
PE180abcpp,-27365.198747904353,304.2778553577678
PAPA140,-2445439.603221338,100000000.0
MLTGY1pp,-361106.2503625471,961100443.1362988
EX_3cmp_e,,
CGLYtex,,
3HAD40,81488.6246295972,100000000.0
PLIPA1E141pp,-81488.6246295972,100000000.0
3OAS60,,100000000.0
3OAS160,,100000000.0
PAPA141,-44906.42966570891,100000000.0
PAPA161,-44906.42966570891,100000000.0
GTHOXtex,,
DSBAO1,81486.06793384215,100000000.0
DSBAO2,81468.84412167083,100000000.0
DSBDR,-81678.0905708049,100000000.0
TDSR1,,100000000.0
CGLYabcpp,-27365.198747904353,304.2778553577678
PLIPA2A120pp,1096640.324777903,100000000.0
PLIPA2A160pp,-1545724.131510117,100000000.0
CLPNH180pp,6311177.452274009,100000000.0
3OAR60,-34987.77942146217,100000000.0
3OAR80,-34987.77942146217,100000000.0
MLDCP3App,4550388.424803077,100000000.0
MLDCP1Bpp,95708.48212194961,140682776.15403843
2AGPE181tipp,,
2AGPA140tipp,,
LPLIPAL2E120,-977863.495559191,100000000.0
EAR100x,-38694.59719564066,100000000.0
EAR120x,-38694.59719564066,100000000.0
EAR160x,-38694.59719564066,100000000.0
2AGPA160tipp,,
ATHRDHr,16769.440845418787,1011.0966472899652
2AGPA180tipp,,
2AGPA141tipp,,
EAR140y,-34987.77942146217,100000000.0
3OAS121,,100000000.0
3OAS80,,100000000.0
3OAS100,,100000000.0
3OAS120,,100000000.0
LSERDHr,18151.761585493434,1885.4748983548723
3OAR40,-34987.77942146217,100000000.0
3OAR100,-34987.77942146217,100000000.0
DSERDHr,19564.75627104032,2588.672925852923
3HAD60,81488.6246295972,100000000.0
3HAD100,81488.6246295972,100000000.0
3HAD140,81488.6246295972,100000000.0
3HAD160,81488.6246295972,100000000.0
EX_urate_e,,
PSD120,,100000000.0
AGPAT180,1385381.4734073228,100000000.0
AGPAT141,,100000000.0
PAPA120,-44906.42966570891,100000000.0
EX_skm_e,,
EX_cpgn_un_e,,
MDDEP1pp,4550406.017181031,100000000.0
MDDEP2pp,238165.4577538038,889764502.9160134
AGPAT161,,100000000.0
DASYN120,-491090.5387033375,100000000.0
EAR40x,-38694.59719564066,100000000.0
EAR60y,-34987.77942146217,100000000.0
MLDEP1pp,457592.15386442794,568670891.3881726
PSD181,,100000000.0
DAGK180,3060901.7375077554,100000000.0
DAGK181,8459.566915349797,100000000.0
MLDEP2pp,4452725.046463395,100000000.0
EX_ag_e,,
MLTGY2pp,-129778.53439294995,837228020.3604872
PLIPA2E120pp,1385301.8418174433,100000000.0
PLIPA2G141pp,-81488.6246295972,100000000.0
MLTGY4pp,-4537484.670865573,100000000.0
EAR60x,-38694.59719564066,100000000.0
PLIPA2G161pp,-2932780.7831632146,100000000.0
EX_cys__D_e,,
LPLIPAL1A120pp,-977924.7187090764,100000000.0
LPLIPAL1A140pp,-1140901.9679682709,100000000.0
EAR80x,-38694.59719564066,100000000.0
PE181abcpp,-27365.198747904353,304.2778553577678
12DGR161tipp,,
12DGR181tipp,,
NTP11,-33239.29543173978,1282.489967522858
LPLIPAL1A181pp,1543943.2899147898,100000000.0
LPLIPAL1E120pp,-977863.495555347,100000000.0
3OAR180,-34987.77942146217,100000000.0
G3PAT120,896436.0940794793,100000000.0
PGSA120,203746.40512151286,100000000.0
3OAS180,,100000000.0
3HAD180,81488.6246295972,100000000.0
CDAPPA120,403950.63581993646,100000000.0
TDSR2,,100000000.0
EX_acser_e,,
GTHRDtex,,
GTHRDabc2pp,-27365.198747904353,304.2778553577678
OMMBLHX3,-40734.297686546044,2459.259216135424
PSSA120,200284.86082470437,100000000.0
UM4PL,-2306222.958861161,100000000.0
2MAHMP,-35571.5409251389,4465.458474943943
EX_cu_e,,
ZN2tpp,,
NI2tpp,,
EX_arbtn_e,,
COBALT2t3pp,,
23DAPPAt2pp,,
NADHPO,-324319.7502219591,3231.9903429323863
ACOAD7f,40591.6057253512,3547.7850175230124
ACOAD8f,37841.51948918088,3202.0083919820368
PLIPA1A120pp,-81488.6246295972,100000000.0
ACOAD5f,37841.51948917998,3202.0083919820368
PLIPA1A140pp,-2482021.798185226,100000000.0
EX_dopa_e,,
PLIPA1A141pp,-81488.6246295972,100000000.0
PLIPA1A160pp,-1545724.131510117,100000000.0
PLIPA1A161pp,-81488.6246295972,100000000.0
PLIPA1A180pp,-1708701.015354265,100000000.0
LPLIPAL2A120,200204.2306984236,100000000.0
CAt6pp,,
ACOAD3f,37841.519489179744,3202.0083919820368
ACOAD2f,1742481.812853981,100000000.0
ACOAD4f,2068876.5020839137,100000000.0
ACOAD6f,37841.51948917998,3202.008391982037
NADH16pp,-134801.90995013725,6211.579665803004
NADH18pp,-49277.22467100693,6164.448801747054
EX_tartr__D_e,,
GLYBt2pp,,
5DGLCNt2rpp,,
GALCTNt2pp,,
GALCTNLtex,,
EX_galctn__L_e,,
DSERt2pp,,
EX_hom__L_e,,
ALAt4pp,,
LYSt3pp,,
KDUI,,
EX_tungs_e,,
CA2t3pp,,
CTBTCAL2,5829.9354854298645,3430.7100304365185
OBTFL,-3556.9274338458854,4756.07648137783
NADH17pp,-26864.33259952173,4874.554709336024
FA161ACPHi,-81488.6246295972,100000000.0
BGLA1,852222.556628532,100000000.0
FA141ACPHi,-81488.6246295972,100000000.0
THRt2pp,,
ARGt3pp,,
FA160ACPHi,1180763.5405639003,100000000.0
MALDtex,,
OROTtex,,
EX_crn__D_e,,
GDPMNP,-26155.124572551245,3477.4838971667987
OPHHX3,-40741.756273859566,2459.2592161354237
AMMQLT8,-22783.445109389846,100005897.94411612
FA120ACPHi,-81488.6246295972,100000000.0
FA80ACPHi,528845.8020103395,100000000.0
FA140ACPHi,-81488.6246295972,100000000.0
PPAt4pp,,
OROTt2_2pp,,
MALDt2_2pp,,
FA100ACPHi,-81488.6246295972,100000000.0
CRNDCAL2,7845.672691648183,2818.5597235619753
5DGLCNtex,,
EX_LalaDgluMdapDala_e,,
EX_5dglcn_e,,
DTARTD,-33911.5050906555,1923.044337986328
CRNCAL2,5216.606653210242,2024.8707469686935
CHLt2pp,,
GLYt4pp,,
PLIPA2E161pp,-81488.6246295972,100000000.0
PLIPA2E180pp,-23541.302184834734,2204.3320593554295
FRULYSE,,
FRULYSt2pp,,
EX_LalaDgluMdap_e,,
EX_psclys_e,,
TUNGStex,,
PLIPA2G120pp,1384496.9132083661,100000000.0
PLIPA2G180pp,-23541.304173493103,2204.3320593549297
LPLIPAL1A161pp,200204.2306984236,100000000.0
LPLIPAL1A160pp,1462456.395891921,100000000.0
PSCLYSt2pp,,
LYSt2pp,,
COBALT2tpp,,
OXCDC,-22626.939397950307,6643.635357157567
LPLIPAL2A140,200204.2306984236,100000000.0
LPLIPAL2A160,1462456.395891921,100000000.0
LPLIPAL2A161,200204.2306984236,100000000.0
LPLIPAL2A180,1625434.010566162,100000000.0
GLYt2pp,,
ALAt2pp,,
EX_anhgm_e,,
BALAt2pp,,
DALAt2pp,,
FE2tpp,,
LPLIPAL2A181,1543943.2899147898,100000000.0
DM_aacald_c,,
UM3PL,980175.3660004729,100000000.0
MN2tpp,,
MG2tpp,,
5MTRtex,,
NI2t3pp,,
PPAtex,,
GALCTNLt2pp,,
GALCTLO,18261.873307545953,1441.7098176564568
THYMt3pp,,
CLt3_2pp,,
EX_ppal_e,,
POR5,-40172.186173353795,100000000.0
HACD8,-18669.70598065609,986.2312729818158
CTECOAI8,2594655.299418368,100000000.0
CTECOAI6,2268700.8008999797,100000000.0
MTHTHFSs,-31.100742693183747,100000000.0
SELGTHR,82150.54831155163,100000000.0
SELGTHR3,655944.4608736623,100000000.0
EX_slnt_e,,
MALCOAMT,54025.04983381413,100006066.64388572
PSCLYStex,,
THYMtex,,
CU2tpp,,
FE2t3pp,,
MN2t3pp,,
MG2t3_2pp,,
CD2tpp,,
ETHAt2pp,,
FE3abcpp,-27365.198747904353,304.2778553577678
THRA,9963.660450678815,2243.227587827321
OGMEACPS,-163071.7249712234,100000000.0
OGMEACPR,-34987.77942146217,100000000.0
OPMEACPS,,100000000.0
LIPAabctex,-27365.198747904353,304.2778553577678
DGUNC,-981547.4742462344,100000000.0
XYLK2,-23607.032350406767,2488.492639765122
GLDBRAN2,1711260.8096922527,100000000.0
LALADGLUtex,,
S2FE2SR,-36446.86275035913,100000000.0
CDGUNPD,848281.3144048539,100000000.0
ACACT8r,-32920.27552925947,1867.4400424499515
LALALGLUtpp,,
CTECOAI7,2431678.0501591736,100000000.0
CLIPAabctex,-27365.198747904353,304.2778553577678
3AMACHYD,-17085.43259285227,5532.592261920878
K2L4Aabctex,-27365.198747904353,304.2778553577678
FDH4pp,-149016.2364812752,6979.874879089109
FDH5pp,-41078.65913065962,5822.045602495077
ACPPAT140,-36582.194963888294,100000000.0
APG3PAT140,1095995.538302562,100000000.0
LDGUNPD,-247719.4313551645,70715998.38887182
MPTAT,-1386.5385169096244,100000000.0
APG3PAT141,-245110.66036413252,100000000.0
MOADSUx,446767.7450361041,100000000.0
3HPPtex,,
CMtpp,,
FUSAtpp,,
APG3PAT181,-245110.66036413252,100000000.0
APH140,-44906.42966570891,100000000.0
APH160,1217345.7355277885,100000000.0
OPMEACPD,81488.6246295972,100000000.0
EPMEACPR,-34987.77942146217,100000000.0
RFAMPtex,,
MINCYCtex,,
AOXSr2,407085.87245719787,100000000.0
MINCYCtpp,,
MEOHtrpp,,
EX_LalaDglu_e,,
SCYSDS,26.039346916718387,100000000.0
DOXRBCNtex,,
DOXRBCNtpp,,
S2FE2SS,-156099.53124908605,100000000.0
S4FE4SR,-126130.19970232312,100000000.0
CCGS,-101383.99354554266,100004201.75420053
SELtex,,
SELR,-370.73951573088993,100000000.0
OGMEACPD,81488.6246295972,100000000.0
EGMEACPR,-34987.77942146217,100000000.0
OPMEACPR,-34987.77942146217,100000000.0
PMEACPE,81488.6246295972,100000000.0
ETOHtrpp,,
REPHACCOAI,1535305.4369681054,100000000.0
ACPPAT141,-36582.194963888294,100000000.0
ACPPAT161,-36582.194963888294,100000000.0
ACPPAT180,-36582.194963888294,100000000.0
APG3PAT160,-245110.66036413252,100000000.0
APG3PAT161,-245110.66036413252,100000000.0
MEOHtex,,
EX_5mtr_e,,
APG3PAT180,1421950.0368209507,100000000.0
ICYSDS,26.039346916718387,100000000.0
MECDPDH5,78246.31577513673,100000000.0
CDGR,73444.88721318124,100004190.5407072
RNTR1c2,81050.60227159412,100000000.0
RNTR2c2,81247.63986665594,100000000.0
I4FE4SR,-126130.19970232312,100000000.0
S2FE2ST,,100000000.0
BMOCOS,-489015.1282953807,100000000.0
BWCOS,-489015.1282953807,100000000.0
RNTR3c2,81594.69851417383,100000000.0
RNTR4c2,74089.15710250601,100000000.0
BWCOGDS1,-490773.7371231172,100000000.0
BWCOGDS2,-490773.7371231172,100000000.0
FLDR2,-34987.77942146217,100000000.0
CDGS,-57620.700658529815,6406.642624218978
5MTRtpp,,
TTRCYCtex,,
DHNPTE,-529675.8462967293,100000000.0
DHMPTR,575869.9079575533,100000000.0
NOVBCNtpp,,
CMtex,,
TTRCYCtpp,,
LALALGLUtex,,
CBMD,-9704.74013560171,3362.279859535233
LALADGLUtpp,,
I2FE2SS,-119652.66849872706,100000000.0
I2FE2ST,,100000000.0
FESR,3238.765601798042,100000000.0
OXCOAHDH,-10799.650237990363,6783.052794394854
DHACOAH,432.1622071940965,1492.7180898117226
I2FE2SS2,-119652.66849872706,100000000.0
MSAR,-23328.35835291655,2951.034201362618
I4FE4ST,,100000000.0
S4FE4ST,,100000000.0
THFAT,45355.2629499427,7547.990203353836
FOMETRi,-45355.2629499427,7547.990203353836
SLNTtex,,
S2FE2SS2,-156099.53124908605,100000000.0
BTS5,-39936.27908908218,100000000.0
SELGTHR2,-603056.9737576512,100000000.0
EX_LalaLglu_e,,
GDPTPDP,-28824.764104755828,6932.886819348699
LIPOS,115319.13453156539,100000000.0
COLIPAKpp,-12285454.26944724,100000000.0
ACPPAT120,-36582.194963888294,100000000.0
3HPPtpp,,
MPTSS,-490443.12791688065,100000000.0
CPMPS,-263829.84445832163,62809893.702761136
LIPOCT,,100000000.0
LIPATPT,1164334.8146460943,100003423.26079834
LIPAMPL,-532334.6202721623,100000000.0
ALDD19xr,-37459.1948092544,1704.836602904853
MMM,8198.833786074601,3590.79366913793
MOGDS,483709.1417703467,100000000.0
CPH4S,-49067.14936568155,100000000.0
WCOS,-489015.12829538056,100000000.0
RFAMPtpp,,
SHCHCS3,-91140.15831924409,3616.5900694974566
VPAMTr,-1575.3563587685449,3490.05855732369
ACOLIPAabctex,-27365.198747904353,304.2778553577678
PYK4,-27319.514179164784,2382.4406441055357
NADPHXD,,
NADHHR,,
ECA4COLIPAabctex,-27365.198747904353,304.2778553577678
EX_ttrcyc_e,,
COLIPAPabctex,-27365.198747904353,304.2778553577678
NADPHXE,,
ALAtpp,,
CH4tex,,
EX_mincyc_e,,
TARTRDtex,,
DM_4crsol_c,,
3OXCOAT,-28615.124933450716,2684.8249890671004
BTNt2ipp,,
URACPAH,-41555.07544665508,100000000.0
BTNtex,,
DHBSZ3FEabcpp,-27365.198747904353,304.2778553577678
FE3DHBZS3R,-41465.310625058235,100000000.0
DXYLONtpp,,
DXYLTD,,
2DDARAA,,
2DGLCptspp,-39640.585209967736,1304.6008407682327
2DGULRGx,408672.0097478313,100000000.0
2DGULRGy,412378.82752200984,100000000.0
AP4AS,1083.9722546064222,8361.039308245532
ARBTptspp,-39658.62022638588,1304.6008407682327
ARBTtex,,
EX_arbt_e,,
GNP,-17354.467821407987,3219.893373625961
ALLTAMH2,,
UGCIAMH,,
DMSOtpp,,
POAACR,2155.415964761005,100000000.0
PYDXtex,,
PYDXtpp,,
SUCASPtpp,,
METGLCUR,,
ACOAD1fr,-32273.67671909269,3910.7454367979108
23DOGULNt4pp,,
FE3DCITexs,-382098.71624190523,100000000.0
SUCMALtpp,,
PYDXNtex,,
FEENTERES,-1178915.1889093868,100000000.0
PYDXNtpp,,
FEENTERR4,-227593.02003597622,5893.784415330147
ACPPAT160,-36582.194963888294,100000000.0
DXYLONtex,,
PYDAMtex,,
PYDAMtpp,,
PSURItex,,
ALR2x,-19027.43099661575,1710.0259300288685
OMPHHXy,-442617.5769780642,3759.0254041440403
CHLt3pp,,
13PPDH2,-20539.48891582968,1035.237235643715
TARTt2_3pp,,
SUCTARTtpp,,
APCS,3463.0843252093655,100007550.66611451
CHTBSptspp,1144231.1479475084,100000000.0
GLYBt3pp,,
AI2tpp,,
ACPPAT181,-36582.194963888294,100000000.0
Ftpp,,
SQVOSI,,
6D6SPA,,
CHTBStex,,
TRPtipp,,
TYRtipp,,
ThDPAT,-37616.026380042465,100000000.0
GHBDHx,382.38536040989857,1696.4123939160693
DHPStr,,
SQtr,,
DHPStex,,
APPLDHr,-18340.322353552438,986.2312729818156
SPMDt3pp,,
FMNtex,,
APH141,-44906.42966570891,100000000.0
EX_dxylnt_e,,
AI2K,,
PHEtipp,,
G2PP,-27494.90916474071,2402.3275941766697
MALt3pp,,
CITt3pp,,
APH161,-44906.42966570891,100000000.0
DHNPA2r,7153.91948684416,2862.648746484211
QUIN2tpp,,
GLYC2Pabcpp,-27365.198747904353,304.2778553577678
CRNDtex,,
SHGO,-101174.72151462644,5243.1290541311
CLBtex,,
ACOXT,-19553.457280967225,3640.744341168682
EX_mththf_e,,
2HESR,,
CHOLID,,
CHOLATEtpp,,
NADHXD,,
NADPHHR,,
NADPHHS,,
4ABZGLUH,,
4ABZGLUtr,,
NADHHS,,
APH180,1380323.3502020296,100000000.0
NADHXE,,
SELabcpp,-27365.198747904353,304.2778553577678
PHDA,,
TEO2M,,
PACOAT,-26317.74592180895,1979.1628061932824
CYSItpp,,
PYK2,-27378.07864585403,1341.074482912091
PYK3,-30386.380401337632,1396.8746780390434
APH181,1298832.6295506575,100000000.0
DHPTDNR,45957.01603579033,100000000.0
DHPTDNRN,42250.19826161184,100000000.0
GTHPi,-308764.0666928993,3328.0373165328065
SEPHCHCS,-5695.98747396816,5065.87666774313
DHNCOAS,-1487287.39625113,100000000.0
PCNO,60424.39017479933,3340.6213101309086
PYK6,-27506.474503079276,2655.0715085056504
DHNCOAT,1493637.5996798058,100000000.0
FADt,,
HPACOAT,,
PUACGAMtr,,
DC6PDA,,
5DGLCNR,-20395.82515691711,3247.864222360625
PIt2rpp,,
FADtex,,
AI2abcpp,-27365.198747904353,304.2778553577678
PAI2I,,
4HBZt3pp,,
CURR,,
LKDRA,,
LEUt2rpp,,
LCTStpp,,
ILEt3pp,,
METNA,,
METt3pp,,
FESD1s,66914.32326134128,100000000.0
GSNt3pp,,
CLtipp,,
5DKGR,20526.380190917735,3240.209514914102
XYHDL,,
2DGLCtex,,
E4PP,,
PUACGAMS,,
PItpp,,
RU5PP,-2278.644948758199,1770.7805917818964
EX_doxrbcn_e,,
6D6SFK,,
3SLAR,,
LEUt3pp,,
INSt3pp,,
INDOLEt2rpp,,
SQtex,,
ILEt2rpp,,
GLYtpp,,
EX_dhps_e,,
MOX,-102865.36390441054,4192.906584780173
URATEtex,,
EX_cs1_e,,
EX_fusa_e,,
CBL1tonex,,
CBItonex,,
ARHGDx,,
CPL,,
EX_mepn_e,,
PSURItpp,,
CYSTA,-17017.117438928693,4698.123098075715
FE3DCITR5,737306.5670668434,100000000.0
CH4t2pp,,
EX_cm_e,,
4HTHRA,2837.4596196253206,2523.8077984348697
EX_novbcn_e,,
I2FE2SR,,100000000.0
GAPP,-5327.228777714147,1456.3614092643827
TYRL,-68110.50750326252,111022557.56001686
METGLCURt2pp,,
METGLCURtex,,
INOSTO,-399925.6794928837,8207.95116242354
THZPSN3,-40080.6797969182,100000000.0
HPYRP,-17216.717711750698,762.6606988608415
PSURIK,,
FMNt,,
AI2tex,,
PAI2T,,
CUt2pp,,
Ftex,,
APG3PAT120,933018.2890433675,100000000.0
CYSItex,,
SERtpp,,
QUINDHyi,15968.137822468861,2951.0342013488225
DHCURR,,
RHMND,,
3HBZCT,,
CXSAMS,,
EX_2dglc_e,,
THRt2rpp,,
SERt2rpp,,
DHGLYH,4096.324404565507,48212121.7397503
PNSPA,,
4HTHRK,-12289.713857368155,1240.8953619082085
ACOAD1f,32273.676719093375,3910.7454367979103
AMPNTAT,,
EX_sq_e,,
APH120,-44906.42966570891,100000000.0
URATEtpp,,
CS1tex,,
ADOCBLtonex,,
SQGH,,
URAtpp,,
ASPtpp,,
FUMt1pp,,
SUCCt1pp,,
QUINDH,16098.692856470507,2931.8707536934244
PETNT181pp,244467.07028646598,100000000.0
ARMEPNS,,
LCARSyi,-26329.82393944212,1505.9472051728428
MOCDS,483334.435162631,100000000.0
BIOMASS_Ec_iML1515_core_75p37M,-2835630.3439726713,22656.336954737762
BIOMASS_Ec_iML1515_WT_75p37M,-2835630.3439726713,22656.336954737762
RPNTPH,,
PRCPD,,
FUSAtex,,
MEPNtex,,
UDPGPT,,
MEPNabcpp,,
OMMBLHXy,-442616.6704485298,3759.0254041440407
OPHHXy,-442624.12903584423,3759.0254041440403
PROD3,-84511.02804263144,6872.354208527616
NOVBCNtex,,
F1PP,-13170.808652096532,1319.4666730987005
ACP1p,-17324.380333706416,2917.7791032597142
EX_4abzglu_e,,
EX_rfamp_e,,
3HPADHi,-50626.20602697257,3119.6229302471293
4ABZGLUtex,,
QUIN2tex,,
2HPTCOAT,,
EX_metglcur_e,,
EX_quin_e,,
MC6PH,,
FORCT,5998.0374436408965,6813.360067238587
SLNTabcpp,-27365.198747904353,304.2778553577678
VALt2rpp,,
DHPTDCs2,-22534.986017733503,1927.9040147931078
VALt3pp,,
MN2tipp,,
EX_3hpp_e,,
PACCOAE,-1488802.9174383117,100000000.0
OXDHCOAT,-30168.45544249168,1336.1144525852117
HADPCOADH3,18669.149854298892,986.2312729818158
O16A4COLIPAabctex,-27365.198747904353,304.2778553577678
COLIPAabctex,-27365.198747904353,304.2778553577678
ENLIPAabctex,-27365.198747904353,304.2778553577678
DM_mththf_c,,
PYROX,41361.061936979466,100000000.0
BMOGDS1,-490773.7371231172,100000000.0
MPTS,38068.39228948815,100000000.0
MOCOS,-407526.5036657835,100000000.0
BMOGDS2,-490773.7371231172,100000000.0
FESD2s,66914.179421506,100000000.0
OCTNLL,-615315.2123250726,100000000.0
